open_time,open,high,low,close,volume,close_time,quote_volume,trades,taker_buy_base,taker_buy_quote,ignore
1769212800000,2952.67,2964.48,2945.42,2957.54,3993479.452,1769227199999,11792425274.73410,62196,2206418.880,6517684835.49159,0
1769227200000,2957.55,2961.81,2950.37,2952.53,2098076.723,1769241599999,6203104514.27788,51405,1015105.803,3002568265.09387,0
1769241600000,2952.53,2959.67,2951.37,2956.32,1241240.627,1769255999999,3669535577.45339,48501,732033.393,2164669024.62976,0
1769256000000,2956.32,2962.58,2941.65,2952.08,3650137.280,1769270399999,10784774691.55975,65644,1929526.996,5702891322.84133,0
1769270400000,2952.09,2963.26,2947.76,2949.23,3186536.616,1769284799999,9417369806.29382,62122,1726112.364,5103379131.21057,0
1769284800000,2949.23,2959.54,2945.49,2948.42,2666661.428,1769299199999,7874046377.96948,53233,1383418.350,4085762012.47492,0
1769299200000,2948.42,2954.30,2933.63,2937.82,2636208.012,1769313599999,7764229827.37648,60176,1187402.534,3499622847.65580,0
1769313600000,2937.82,2944.02,2930.94,2934.89,4068440.467,1769327999999,11953748266.37932,68468,2068250.120,6080205807.07473,0
1769328000000,2934.53,2941.84,2919.84,2932.75,4833157.285,1769342399999,14175623158.41815,68865,2795417.592,8201551180.22709,0
1769342400000,2932.75,2939.96,2920.23,2922.09,5622807.119,1769356799999,16479172499.86407,70823,2402546.338,7047837450.37837,0
1769356800000,2922.09,2923.22,2798.15,2809.06,16002304.552,1769371199999,45749957415.41504,100342,5818864.160,16646558227.61676,0
1769371200000,2809.75,2819.54,2783.88,2814.02,16608339.677,1769385599999,46549222461.39502,107663,9418675.298,26418142778.96834,0
1769385600000,2814.01,2893.13,2809.54,2846.35,15588993.075,1769399999999,44508612155.70404,106370,9103513.320,26002976206.03968,0
1769400000000,2846.35,2903.03,2846.15,2899.68,11038234.290,1769414399999,31722177737.33792,97971,7412101.404,21302267988.25770,0
1769414400000,2899.71,2919.48,2877.92,2888.84,9110908.217,1769428799999,26390798199.45974,89829,4295278.460,12444453714.00109,0
1769428800000,2888.98,2945.71,2875.33,2896.14,15450729.994,1769443199999,44907096232.41055,98165,7886445.831,22933262849.18891,0
1769443200000,2896.23,2931.72,2883.16,2920.06,13381922.893,1769457599999,38922066520.31854,102833,7420345.275,21596882967.68087,0
1769457600000,2919.96,2941.51,2892.96,2926.65,10147458.544,1769471999999,29620565409.46953,93924,4967278.428,14503163865.42928,0
1769472000000,2926.65,2944.01,2908.94,2937.06,9767688.215,1769486399999,28624693079.10498,89003,5337435.388,15647368337.21391,0
1769486400000,2937.06,2949.77,2920.83,2924.22,6555142.815,1769500799999,19233483480.59076,78404,2804922.733,8236030737.13046,0
1769500800000,2924.22,2928.34,2898.19,2913.05,6231574.914,1769515199999,18140067407.41698,72435,2599259.440,7567769996.01206,0
1769515200000,2913.04,2938.06,2902.23,2933.55,12792867.052,1769529599999,37325293106.70493,94599,7100737.724,20730936881.04367,0
1769529600000,2933.55,2992.18,2915.80,2976.05,16335482.557,1769543999999,48295884897.32975,107481,8686264.286,25690120458.80362,0
1769544000000,2976.05,3030.41,2974.80,3021.88,12993386.954,1769558399999,39103944184.17351,106639,7506864.277,22587346851.94908,0
1769558400000,3021.90,3025.03,2993.13,3000.84,8231009.453,1769572799999,24779341612.36444,88065,3684571.169,11098596698.26271,0
1769572800000,3000.84,3013.08,2988.96,3000.79,6705656.403,1769587199999,20128615977.08472,74737,3296787.945,9899582788.20554,0
1769587200000,3000.38,3040.20,2983.17,3035.52,8669151.244,1769601599999,26090902422.13192,87992,4972767.928,14988568134.15760,0
1769601600000,3035.21,3038.51,2982.49,3002.51,12582292.895,1769615999999,37955111576.30930,104400,5602815.975,16914422864.23191,0
1769616000000,3002.51,3024.06,2987.23,3012.60,15167490.489,1769630399999,45578908110.66825,108436,8497884.673,25554027354.92787,0
1769630400000,3012.60,3027.34,2992.78,3005.96,10837960.985,1769644799999,32636639498.60161,95133,5444470.311,16404960915.12051,0
1769644800000,3005.82,3007.73,2941.72,2947.83,11722644.052,1769659199999,34879272802.97664,99236,4511318.123,13425812268.18376,0
1769659200000,2947.77,2959.96,2933.74,2956.66,8282681.045,1769673599999,24435397424.20392,87623,4764523.606,14061877831.86169,0
1769673600000,2956.23,2962.98,2919.92,2924.47,8045670.889,1769687999999,23669931726.19534,84871,3355096.025,9872949457.11229,0
1769688000000,2924.53,2933.97,2794.13,2819.08,15996212.662,1769702399999,45888095246.86182,104458,5812601.964,16670845121.99017,0
1769702400000,2819.08,2854.82,2755.50,2792.23,22315927.525,1769716799999,62634977946.93723,119445,11194395.980,31444229510.29557,0
1769716800000,2792.28,2822.17,2784.46,2817.51,11115034.508,1769731199999,31178749823.26669,90691,6638566.671,18632901308.15512,0
1769731200000,2817.67,2823.49,2692.82,2736.25,19136311.980,1769745599999,52723113011.37621,108121,8662633.897,23844099534.63609,0
1769745600000,2736.25,2768.58,2693.42,2735.46,15891824.112,1769759999999,43463958873.13447,101633,8122384.189,22227250005.18014,0
1769760000000,2735.46,2762.34,2706.27,2755.26,16120172.003,1769774399999,44001912018.97678,94183,8331767.706,22764404824.26880,0
1769774400000,2755.26,2760.25,2694.54,2724.68,19564427.845,1769788799999,53479242579.75745,103230,8781414.834,24021360180.05008,0
1769788800000,2723.73,2755.86,2636.66,2737.37,25656591.600,1769803199999,69670691881.67175,115701,13159478.785,35771967869.80628,0
1769803200000,2737.57,2737.94,2663.13,2702.32,18679119.172,1769817599999,50331271163.22381,101289,10063209.896,27109604070.46707,0
1769817600000,2702.32,2710.08,2680.63,2691.27,8041914.851,1769831999999,21694908504.78641,73940,3593883.290,9702915667.19063,0
1769832000000,2691.27,2700.37,2664.71,2675.25,7298131.218,1769846399999,19624190838.86208,71686,3297986.504,8874222514.84169,0
1769846400000,2675.25,2678.16,2614.24,2635.98,14735654.630,1769860799999,38956562461.14978,92002,6349889.175,16784460982.53496,0
1769860800000,2635.98,2639.75,2511.53,2530.06,21014343.154,1769875199999,54125152486.93399,107326,8640830.039,22239139912.65495,0
1769875200000,2530.06,2546.40,2274.67,2382.02,35664690.568,1769889599999,86382994786.78000,127802,14565064.040,35165907569.17960,0
1769889600000,2382.02,2467.91,2352.19,2448.32,28020822.459,1769903999999,67318492099.92009,117698,15679235.629,37720739602.45204,0
1769904000000,2448.32,2472.38,2427.68,2442.42,17698247.251,1769918399999,43301832299.71662,95543,8979991.340,21987677252.42771,0
1769918400000,2442.42,2450.73,2392.20,2407.80,16851987.339,1769932799999,40856043470.75259,93556,6502315.465,15777582638.00599,0
1769932800000,2407.81,2435.98,2374.56,2409.54,19292954.695,1769947199999,46420831161.08403,99054,10230588.715,24641993597.99034,0
1769947200000,2409.85,2410.00,2286.66,2313.64,25361406.496,1769961599999,59754750083.13746,104599,10225314.832,24122350948.07021,0
1769961600000,2313.64,2372.36,2283.86,2317.27,31185795.781,1769975999999,72404711273.78277,120601,15810724.534,36733635632.29435,0
1769976000000,2317.00,2342.49,2223.15,2267.13,35354105.845,1769990399999,81088751069.03436,122593,17457581.883,40066413970.75712,0
1769990400000,2267.13,2318.29,2164.72,2236.11,40119605.943,1770004799999,90731268379.23154,128810,19101737.057,43300277653.94997,0
1770004800000,2236.11,2262.03,2160.06,2227.80,39471659.605,1770019199999,87467532078.49213,127019,19706043.053,43692773800.76815,0
1770019200000,2228.47,2312.71,2226.45,2279.65,27288923.507,1770033599999,61839297355.10851,115783,16502990.150,37407474773.18746,0
1770033600000,2279.65,2389.95,2279.65,2369.46,28539013.339,1770047999999,66484108175.91505,116263,16562964.759,38598503799.30543,0
1770048000000,2369.44,2384.64,2325.56,2329.63,24679659.957,1770062399999,58134828977.21137,112991,10886326.996,25687623605.12018,0
1770062400000,2329.63,2352.21,2310.99,2344.13,18281427.274,1770076799999,42678102130.67060,101893,9697351.887,22652968402.44945,0
1770076800000,2344.00,2355.67,2284.51,2341.22,23671077.892,1770091199999,55153400878.83361,107705,11257363.631,26264988917.31768,0
1770091200000,2341.22,2351.45,2298.19,2319.89,17935331.889,1770105599999,41707789250.32266,96286,8561476.537,19915583542.19053,0
1770105600000,2319.91,2328.23,2267.90,2274.08,20766756.877,1770119999999,47611209201.67148,104477,8598503.550,19731853052.02182,0
1770120000000,2274.08,2313.27,2251.69,2300.98,27535557.290,1770134399999,62968827530.65839,117006,13734810.274,31453060496.68920,0
1770134400000,2300.98,2300.98,2110.50,2202.63,39141924.895,1770148799999,85932846962.16518,130452,16486479.439,36062963100.49689,0
1770148800000,2202.63,2330.65,2186.46,2229.47,33928949.608,1770163199999,76578196682.68022,118666,16069724.464,36263970034.56371,0
1770163200000,2229.17,2291.31,2221.56,2279.92,23155550.057,1770177599999,52280866275.71309,105426,13600650.880,30730508607.19366,0
1770177600000,2279.92,2288.15,2254.16,2280.52,17552305.140,1770191999999,39870492364.92915,93970,8486875.735,19287126490.89988,0
1770192000000,2280.53,2281.93,2224.20,2251.34,20017375.420,1770206399999,45169928216.68168,98169,9382596.385,21183287078.58003,0
1770206400000,2251.43,2259.50,2134.74,2147.91,34069201.005,1770220799999,74810956542.47757,123479,13634761.765,29954997887.59378,0
1770220800000,2147.85,2185.38,2073.25,2182.67,44684639.733,1770235199999,95050684135.01773,132045,22552742.553,48055986748.79925,0
1770235200000,2182.67,2186.22,2087.33,2142.28,34256966.987,1770249599999,73324435253.28237,123926,16190462.165,34677280552.79584,0
1770249600000,2142.28,2164.21,2110.41,2115.65,27347998.656,1770263999999,58536920659.28703,93976,13121995.443,28130312092.72601,0
1770264000000,2115.65,2118.36,2069.46,2085.51,27602099.452,1770278399999,57832751564.05912,97608,13672869.123,28661301262.79165,0
1770278400000,2085.51,2142.27,2060.72,2075.41,29024634.870,1770292799999,61116486910.05496,112163,13515834.098,28487700341.25998,0
1770292800000,2075.41,2097.15,1800.00,1956.64,42387299.283,1770307199999,86516003446.64894,125839,17198930.933,35207713691.21494,0
1770307200000,1956.91,2009.75,1913.92,1924.39,47632044.178,1770321599999,93001000723.64260,130801,22612403.485,44224803783.72563,0
1770321600000,1924.39,1937.13,1817.16,1823.07,58852992.741,1770335999999,109820750828.28427,138811,25455263.501,47572827196.46330,0
1770336000000,1823.14,1940.59,1739.67,1889.34,49062497.402,1770350399999,92137578931.00375,124574,26683691.347,50182634314.88418,0
1770350400000,1889.26,1970.38,1883.68,1895.57,36175619.399,1770364799999,69353706484.44843,113302,19118203.569,36648187638.09857,0
1770364800000,1895.46,1932.48,1864.17,1929.69,33814478.077,1770379199999,64309895460.73407,110319,18346242.433,34932610997.80634,0
1770379200000,1929.58,1998.21,1913.01,1978.20,40838034.960,1770393599999,79735673916.68698,120619,22351377.026,43688826518.31263,0
1770393600000,1978.06,2087.56,1971.86,2063.68,40128159.889,1770407999999,81903624177.77326,122441,24302753.984,49573982811.22066,0
1770408000000,2063.67,2088.52,2042.21,2061.02,28471434.749,1770422399999,58668484392.23671,106810,13770430.667,28409826335.63145,0
1770422400000,2061.02,2079.84,1740.00,2078.64,22959493.308,1770436799999,47159400949.46451,93365,11805853.730,24272870864.06926,0
1770436800000,2078.64,2114.00,1995.97,2026.29,24931365.076,1770451199999,51518126651.70453,84778,11798568.088,24449685407.79328,0
1770451200000,2026.68,2029.09,1998.94,2016.87,22812287.680,1770465599999,45959654095.92282,98833,10992607.906,22159831453.37759,0
1770465600000,2016.78,2072.33,2010.56,2049.56,28795054.858,1770479999999,58719940997.25078,110492,16347093.291,33343713364.27675,0
1770480000000,2049.56,2106.07,1750.00,2088.45,35690747.326,1770494399999,73915808157.77021,130768,17699424.614,36649591103.26516,0
1770494400000,2088.45,2108.72,2071.30,2089.68,39961106.606,1770508799999,83672003095.22660,174549,13544403.188,28359783627.30363,0
1770508800000,2089.71,2103.80,2075.12,2076.20,32931297.932,1770523199999,68714682971.83364,149634,11100403.782,23178794702.15080,0
1770523200000,2076.26,2086.29,2065.17,2082.10,20378646.293,1770537599999,42354778653.53234,104237,10616524.301,22070253684.75784,0
1770537600000,2082.07,2131.92,2076.31,2129.89,24068590.226,1770551999999,50614231357.26387,95383,13274361.737,27934418086.03908,0
1770552000000,2129.91,2140.56,2095.95,2105.79,22412685.028,1770566399999,47552659269.17580,93558,10975697.534,23291543946.71908,0
1770566400000,2105.79,2126.18,2073.48,2124.39,30456078.570,1770580799999,64003405998.56967,128515,17600811.079,37031341125.52263,0
1770580800000,2124.39,2147.20,2070.55,2088.02,31815126.378,1770595199999,66917888429.00009,126811,16093012.830,33867047583.30130,0
1770595200000,2087.99,2099.29,2053.42,2098.45,33632800.593,1770609599999,70002811976.59165,128674,15125369.554,31491593510.69592,0
1770609600000,2098.44,2098.68,2063.34,2063.52,24369017.890,1770623999999,50791823681.24589,113403,9457597.121,19717713242.65868,0
1770624000000,2063.52,2183.03,2012.87,2025.50,31937453.403,1770638399999,64971909340.74142,128768,16093845.364,32728583065.61661,0
1770638400000,2025.50,2069.93,2006.96,2058.87,30499177.361,1770652799999,62127516670.05692,112218,16252908.969,33148664836.08797,0
1770652800000,2058.87,2138.11,2046.29,2128.38,35050096.414,1770667199999,73761865413.35537,130192,17114876.984,36019721336.20562,0
1770667200000,2128.38,2144.48,2089.36,2102.79,21768560.155,1770681599999,46053293745.49704,99065,7455377.696,15783618126.62695,0
1770681600000,2102.75,2120.43,2053.92,2062.62,23267838.256,1770695999999,48851680594.59689,96259,8867792.046,18642288230.28809,0
1770696000000,2062.62,2071.73,1997.65,2005.07,21366166.213,1770710399999,43506513472.69971,86483,9500610.241,19337273307.38514,0
1770710400000,2005.07,2026.42,1998.01,2000.60,12488585.177,1770724799999,25119231149.95852,49012,6064330.799,12209903933.30609,0
1770724800000,2000.61,2035.26,1991.78,2020.63,15731380.238,1770739199999,31685642389.24791,53061,9367854.407,18883852304.67101,0
1770739200000,2020.63,2043.88,1994.48,2015.96,13916339.690,1770753599999,28124411742.43103,49576,6932315.896,14019672276.87334,0
1770753600000,2015.96,2019.53,1998.20,2019.53,10209109.406,1770767999999,20528447506.55608,43643,5879101.851,11826561936.60806,0
1770768000000,2019.53,2029.47,1995.96,2007.30,9983465.419,1770782399999,20149353086.17547,42051,5083706.714,10271115208.50262,0
1770782400000,2007.25,2008.87,1942.97,1949.91,12090422.266,1770796799999,23788416062.84593,42680,4513125.087,8848975278.87900,0
1770796800000,1949.91,1953.52,1931.33,1951.73,12019813.173,1770811199999,23369111812.06648,47255,6204661.130,12069135936.73124,0
1770811200000,1951.73,2003.21,1903.07,1927.26,19791692.342,1770825599999,38590812581.07156,56721,9423718.332,18385962111.33698,0
1770825600000,1927.27,1956.48,1908.01,1950.25,18891307.175,1770839999999,36532804649.98697,56243,11434598.790,22137529701.09765,0
1770840000000,1950.25,1983.36,1931.57,1940.09,13839461.569,1770854399999,27046150663.12102,48534,6161056.294,12051648588.97195,0
1770854400000,1940.01,1975.16,1939.64,1966.56,12969475.617,1770868799999,25422837005.91686,49606,7907597.172,15499749764.21053,0
1770868800000,1966.43,1979.78,1951.58,1968.17,11767741.870,1770883199999,23152647019.56211,49995,5861128.578,11538605366.03042,0
1770883200000,1968.17,1998.46,1956.55,1988.13,11742858.720,1770897599999,23210239558.24171,47027,7162270.341,14170465474.61543,0
1770897600000,1987.32,1993.30,1944.50,1945.93,15360181.457,1770911999999,30339136352.18479,50424,6264268.708,12395852384.81108,0
1770912000000,1945.57,2106.96,1650.00,1922.95,20642222.824,1770926399999,39567490922.03508,59825,9620620.348,18441526306.89976,0
1770926400000,1922.90,1948.54,1908.57,1945.25,12431677.089,1770940799999,23957466064.94358,50045,7307536.391,14103362603.17538,0
1770940800000,1945.20,1955.31,1927.12,1950.67,11991483.762,1770955199999,23286076138.54535,49622,6255838.184,12156815074.38561,0
1770955200000,1950.67,1952.82,1922.73,1933.54,10469326.206,1770969599999,20298009238.69581,45630,5223523.989,10130243736.53757,0
1770969600000,1933.46,1963.08,1931.84,1958.16,9233752.746,1770983999999,18028658337.18081,40764,5212231.930,10176318340.31335,0
1770984000000,1958.08,2047.07,1950.85,2032.30,17064370.174,1770998399999,33916851724.17255,56177,10867028.979,21619765161.03100,0
1770998400000,2032.32,2067.78,2030.78,2056.36,13480198.441,1771012799999,27699539686.62969,52376,8087896.145,16617290409.71952,0
1771012800000,2056.36,2057.14,1750.00,2047.40,9395148.102,1771027199999,19244677776.46307,45722,4112998.475,8430562290.51952,0
1771027200000,2047.40,2054.63,2041.65,2052.54,5868861.694,1771041599999,12026195441.86785,35275,3232909.398,6627651333.74674,0
1771041600000,2052.69,2057.98,2046.87,2055.21,3770060.992,1771055999999,7736938805.76950,26421,2086210.982,4283369827.69377,0
1771056000000,2055.17,2103.72,2000.03,2097.44,10469899.129,1771070399999,21771301615.72202,47126,6991558.429,14539624017.44885,0
1771070400000,2097.60,2097.99,2064.69,2085.99,9029674.562,1771084799999,18775769376.77529,42202,4127341.895,8578587030.19139,0
1771084800000,2085.99,2088.01,2066.55,2085.93,7500729.932,1771099199999,15601939116.18312,39047,4109831.853,8553971932.93273,0
1771099200000,2085.91,2095.57,2078.02,2084.31,7727789.772,1771113599999,16123502782.38968,39452,4470366.933,9331174026.26737,0
1771113600000,2084.27,2087.59,2037.19,2057.48,11329599.209,1771127999999,23374758963.79883,46020,4962870.657,10243233899.18388,0
1771128000000,2057.77,2099.24,2057.48,2089.15,11028460.085,1771142399999,22969413962.89390,47734,7088419.216,14760126746.59303,0
1771142400000,2089.15,2093.98,2053.37,2059.93,9634713.958,1771156799999,19925317634.62515,44549,4384734.313,9069650566.00981,0
1771156800000,2059.86,2064.49,1992.98,2010.32,12759314.429,1771171199999,25755434788.71869,50432,5958758.485,12019550840.88824,0
1771171200000,2010.32,2010.33,1932.02,1940.31,14239932.076,1771185599999,28045024137.67333,50580,5416550.087,10665158072.82647,0
1771185600000,1940.31,2012.50,1933.66,1964.13,12398875.915,1771199999999,24226229583.74398,47962,7736024.951,15121136417.12950,0
1771200000000,1964.20,1977.71,1947.59,1956.99,11119433.492,1771214399999,21817997930.39630,47388,5323838.297,10455747219.80963,0
1771214400000,1956.77,1975.96,1951.67,1969.75,8356980.006,1771228799999,16407766099.83527,38230,5137666.207,10091071642.76337,0
1771228800000,1969.64,1990.85,1956.47,1974.64,7529807.903,1771243199999,14878663378.27627,34205,4309553.454,8518106640.65098,0
1771243200000,1974.64,2020.55,1930.00,1954.75,15307034.248,1771257599999,30249290032.97260,48915,8124659.631,16073254322.67376,0
1771257600000,1955.10,1985.54,1954.75,1972.14,11400594.715,1771271999999,22480196595.61894,45352,6513971.082,12847808727.42636,0
1771272000000,1972.15,2001.45,1970.42,1996.76,10067546.578,1771286399999,20013183844.06275,43734,5965019.907,11858682982.30645,0
1771286400000,1996.85,2005.34,1982.45,1984.21,10344733.279,1771300799999,20644791892.26211,46202,4394701.508,8777978216.67864,0
1771300800000,1984.08,1994.81,1963.12,1984.10,9768284.593,1771315199999,19330866072.15487,42545,5242448.744,10380719358.16276,0
1771315200000,1984.10,1988.87,1960.54,1966.74,7677691.455,1771329599999,15131820513.13648,39683,3623729.285,7145259920.28366,0
1771329600000,1966.61,1999.80,1942.64,1965.18,15139622.859,1771343999999,29786026156.02155,52862,7556661.496,14864635345.04054,0
1771344000000,1965.20,2030.00,1953.33,1996.23,15884625.481,1771358399999,31496333860.29085,50893,8796251.648,17451380317.51581,0
1771358400000,1996.23,2001.83,1986.59,1991.10,9133815.871,1771372799999,18218668627.13993,45020,4156551.799,8295826087.88007,0
1771372800000,1991.10,1997.90,1967.61,1995.57,10107826.594,1771387199999,20050630896.46319,43518,5527919.494,10977769135.64852,0
1771387200000,1995.65,2019.39,1991.63,2016.23,7379617.591,1771401599999,14766543130.60080,39402,4693964.905,9400412740.56087,0
1771401600000,2016.26,2034.59,1909.61,1980.02,9344906.652,1771415999999,18739363582.51917,42408,3292108.210,6604098411.04928,0
1771416000000,1980.02,2006.81,1953.21,1984.04,10738547.114,1771430399999,21243452957.34921,39248,5576746.917,11040991645.67800,0
1771430400000,1984.04,1984.84,1923.58,1939.43,13646456.631,1771444799999,26762442130.74205,48431,5556057.768,10907057112.45135,0
1771444800000,1939.43,1954.33,1934.55,1954.19,10626551.772,1771459199999,20650144407.47667,44420,6653401.572,12939150253.50080,0
1771459200000,1953.92,1971.72,1949.62,1970.86,9017984.533,1771473599999,17698598288.14441,41685,5509483.706,10817437651.32501,0
1771473600000,1970.88,1983.61,1963.02,1980.22,7181611.825,1771487999999,14172990015.51754,37117,4045741.648,7989994543.13644,0
1771488000000,1980.14,1980.42,1947.36,1948.18,9381140.854,1771502399999,18439373730.12130,42728,3240235.835,6374671053.21550,0
1771502400000,1948.19,1953.28,1912.81,1924.57,15663114.261,1771516799999,30231848040.40351,52223,7854111.577,15163708354.62625,0
1771516800000,1924.56,1944.83,1908.19,1939.46,15109615.562,1771531199999,29132629897.02450,51914,8038617.567,15508025418.04378,0
1771531200000,1939.46,1950.61,1934.15,1947.33,8463437.638,1771545599999,16442045654.33998,39392,4359367.447,8472051225.30324,0
1771545600000,1947.24,1961.87,1945.86,1953.19,7027148.176,1771559999999,13727554978.39147,35475,3964673.915,7746838485.15361,0
1771560000000,1953.19,1983.00,1931.25,1959.16,8183737.983,1771574399999,15962721760.59823,38325,4896228.222,9556470811.49922,0
1771574400000,1959.16,1970.19,1940.46,1942.09,8888052.243,1771588799999,17414835817.77019,42021,3206137.061,6292178530.23929,0
1771588800000,1942.15,1973.77,1922.82,1962.34,14100549.641,1771603199999,27420553591.27376,48002,7579344.112,14751820304.47568,0
1771603200000,1962.34,1978.06,1938.32,1962.29,15517006.558,1771617599999,30436652961.19596,52912,8713390.670,17104077837.32793,0
1771617600000,1962.29,1973.27,1961.66,1967.49,8145214.904,1771631999999,16024879422.84643,42773,4669620.692,9189987212.10661,0
1771632000000,1967.64,1969.05,1955.44,1957.60,5407168.817,1771646399999,10619389654.06890,32762,2041854.510,4011883542.45956,0
1771646400000,1957.60,1964.56,1955.21,1961.25,2479162.053,1771660799999,4861303277.71073,23100,1426413.413,2797451900.19073,0
1771660800000,1961.26,1986.88,1959.94,1975.64,5374576.809,1771675199999,10604062810.49546,34548,3551357.257,7005620666.53682,0
1771675200000,1975.64,1992.09,1969.11,1987.62,5474084.258,1771689599999,10844513485.71133,31846,3238448.100,6416180392.52740,0
1771689600000,1987.62,1993.80,1700.00,1986.94,5338234.376,1771703999999,10602541454.47565,29640,2266133.271,4503669174.03461,0
1771704000000,1986.94,1988.88,1970.58,1972.33,5470804.660,1771718399999,10815554890.41124,33510,2177691.376,4305540912.50140,0
1771718400000,1972.08,1980.24,1966.45,1972.87,5342640.895,1771732799999,10541438955.86980,30962,2542625.861,5019529690.71738,0
1771732800000,1972.81,1977.89,1969.83,1974.61,3099207.506,1771747199999,6116332697.40685,27211,1882493.358,3716334369.49144,0
1771747200000,1974.62,1981.26,1969.74,1979.33,3032504.350,1771761599999,5990638068.80707,26110,1985838.835,3924579890.25219,0
1771761600000,1979.33,1980.06,1685.19,1952.63,19086271.612,1771775999999,37268643667.42762,69034,8495926.491,16580728437.21619,0
1771776000000,1952.61,1954.47,1934.12,1942.11,16065120.228,1771790399999,31234753917.93308,71113,8107999.996,15763945763.16555,0
1771790400000,1942.11,1958.94,1939.23,1956.21,6897383.348,1771804799999,13448809230.99710,35996,3818401.110,7449504101.93540,0
1771804800000,1956.21,1956.38,1852.20,1861.25,11092017.956,1771819199999,20987272845.29604,37975,3209973.848,6037430678.92720,0
1771819200000,1861.25,1886.36,1853.28,1883.81,9265466.232,1771833599999,17322065252.00872,41213,5712653.577,10689087199.85727,0
1771833600000,1883.37,1925.00,1876.13,1914.36,8732768.372,1771847999999,16597161219.77992,36354,5205196.627,9894692262.45651,0
1771848000000,1914.36,1931.37,1893.50,1894.91,11244376.815,1771862399999,21488379688.91019,42146,4470478.928,8554951886.98111,0
1771862400000,1894.90,1898.05,1842.98,1856.03,17146637.917,1771876799999,32004961844.66163,55592,6176476.235,11528262526.31222,0
1771876800000,1856.03,2145.00,1846.39,1854.91,11500033.686,1771891199999,21381286141.95218,46409,6052841.412,11263998886.53303,0
1771891200000,1854.91,1867.60,1730.00,1830.33,12534263.573,1771905599999,23150368173.77866,39574,6494241.182,12011174568.13456,0
1771905600000,1830.34,1838.00,1814.58,1823.77,14426719.896,1771919999999,26321982848.56295,47506,7325654.677,13375679929.63765,0
1771920000000,1823.80,1834.19,1814.43,1823.75,9693418.139,1771934399999,17680436735.61045,40137,4742675.363,8655485079.27178,0
1771934400000,1823.75,1848.15,1805.18,1846.39,13780614.822,1771948799999,25169680367.70873,46677,7948400.260,14546209982.38004,0
1771948800000,1846.38,1863.06,1838.22,1851.54,14910136.578,1771963199999,27622841257.20803,50937,7086837.001,13137344274.04671,0
1771963200000,1851.56,1861.41,1841.99,1851.02,8885105.460,1771977599999,16473955246.31443,38873,4738712.333,8790929231.14008,0
1771977600000,1851.02,1973.41,1846.08,1905.12,12785692.755,1771991999999,24267571287.57170,45754,6675888.151,12668825264.89642,0
1771992000000,1905.13,1913.04,1879.30,1892.45,19702097.024,1772006399999,37294053316.43427,72621,9132569.023,17284608572.46687,0
1772006400000,1892.45,1926.14,1889.20,1925.12,14296826.464,1772020799999,27305810727.09444,87008,9470369.634,18088927002.29839,0
1772020800000,1924.79,2025.19,1921.72,2012.79,25822239.035,1772035199999,50971006364.37900,105372,17438938.693,34410340885.21358,0
1772035200000,2012.47,2080.96,2012.47,2070.39,24278443.056,1772049599999,49982066456.63481,103452,14576836.691,29974402980.25328,0
1772049600000,2070.57,2143.99,2037.07,2055.96,26742013.978,1772063999999,55638712676.73008,113657,12158366.705,25297608200.14846,0
1772064000000,2055.49,2074.56,2038.90,2053.67,20167937.409,1772078399999,41457160036.81569,100514,10607857.421,21819538491.43401,0
1772078400000,2053.67,2081.55,2051.48,2053.24,17499177.250,1772092799999,36132749434.41377,98941,8338004.925,17225580909.76441,0
1772092800000,2053.66,2081.95,2045.21,2056.64,13436902.751,1772107199999,27714352344.98669,81951,6587372.135,13592386447.88410,0
1772107200000,2056.60,2073.87,2012.92,2032.41,24272030.587,1772121599999,49738321296.16926,105815,12027654.177,24668415197.62277,0
1772121600000,2032.41,2036.51,1976.75,2029.11,22372721.542,1772135999999,44875520627.99387,92182,11719922.227,23524243161.00727,0
1772136000000,2029.21,2040.37,2018.14,2026.02,11289633.461,1772150399999,22905132265.63522,65601,5497028.515,11157757218.02617,0
1772150400000,2026.02,2047.18,2000.99,2044.37,20073032.864,1772164799999,40551933740.90855,103399,11015956.362,22271971831.87206,0
1772164800000,2044.37,2061.63,2022.21,2031.54,14744308.550,1772179199999,30083372094.25898,92049,6939203.792,14167654870.15490,0
1772179200000,2031.51,2043.82,1954.53,1961.50,23668882.980,1772193599999,47412957805.55675,106170,8918325.023,17906586915.59144,0
1772193600000,1961.49,1967.18,1938.91,1946.75,25413584.644,1772207999999,49648541127.40830,108460,12532435.657,24497808206.74310,0
1772208000000,1946.74,1947.16,1907.63,1919.97,22917485.106,1772222399999,44096457395.24990,99219,10617480.053,20429503181.63492,0
1772222400000,1920.01,1931.74,1890.45,1928.43,13646684.158,1772236799999,26213769108.02686,72364,7397972.220,14211851984.61821,0
1772236800000,1928.46,1935.13,1919.99,1923.41,10950347.836,1772251199999,21109879575.63785,73192,5585970.210,10773919516.78078,0
1772251200000,1923.41,1928.00,1820.00,1865.68,23643816.085,1772265599999,44455827638.76414,89064,9900619.982,18597652421.69049,0
1772265600000,1864.90,2053.40,1844.94,1862.24,19973964.973,1772279999999,37142733188.03418,84827,9849566.660,18319160598.43505,0
1772280000000,1862.24,1985.00,1862.24,1898.00,21986204.645,1772294399999,41463704093.53623,93281,12926825.335,24378183823.14771,0
1772294400000,1897.98,1951.73,1866.00,1945.30,20302375.374,1772308799999,38892839149.90907,91464,11709445.459,22456960428.50454,0
1772308800000,1945.22,1985.00,1938.35,1963.52,21719987.178,1772323199999,42575031668.25605,91429,12541140.736,24594263024.67371,0
1772323200000,1963.52,2183.03,1944.27,2022.00,27532807.382,1772337599999,55143595857.33172,105184,16494909.729,33055054150.94357,0
1772337600000,2021.97,2028.68,1860.47,2006.08,13554156.535,1772351999999,27199512760.77465,75963,5873342.435,11790666721.51450,0
1772352000000,2006.03,2008.59,1817.00,1982.91,15540231.909,1772366399999,30876988145.49595,83878,6771733.392,13455140718.68966,0
1772366400000,1982.91,2025.06,1969.20,1991.83,19148076.071,1772380799999,38246281366.97269,87816,9843048.782,19674278956.19427,0
1772380800000,1991.84,2020.00,1948.52,1953.05,20554960.533,1772395199999,40619540820.01998,94841,8800302.332,17411191533.56175,0
1772395200000,1953.05,2000.00,1907.07,1938.30,26338135.166,1772409599999,50804452575.57680,101741,12374588.846,23869815884.37823,0
1772409600000,1938.29,1986.05,1936.63,1971.14,25021696.053,1772423999999,49021108581.65511,103100,15299507.326,29974850961.42290,0
1772424000000,1971.19,1981.48,1925.40,1940.27,17392898.047,1772438399999,34001361425.79870,84547,8079647.619,15808245619.62438,0
1772438400000,1940.27,1963.37,1923.77,1946.50,15922700.292,1772452799999,30930345664.35807,63004,8257001.049,16042912978.54743,0
1772452800000,1946.51,2130.00,1921.60,2046.40,16093327.087,1772467199999,31719596702.03160,47846,10071625.849,19948886989.78941,0
1772467200000,2046.20,2079.75,2016.00,2041.95,14688080.785,1772481599999,30037011929.64404,49198,7651983.603,15657090541.68569,0
1772481600000,2041.84,2055.62,2024.51,2025.79,11479644.082,1772495999999,23431978418.20317,44396,6008515.206,12277483363.36356,0
1772496000000,2025.79,2039.53,2000.04,2007.51,12503479.139,1772510399999,25259988756.26970,43964,5449359.055,11021310633.79986,0
1772510400000,2008.50,2014.57,1987.16,1995.02,10342529.770,1772524799999,20669424819.77600,41965,4698160.712,9390021534.81981,0
1772524800000,1995.13,1998.43,1939.47,1961.04,13111327.707,1772539199999,25707620685.43364,45385,6405645.489,12551161030.48053,0
1772539200000,1961.04,2004.00,1933.67,1968.39,16528659.207,1772553599999,32322890908.86014,51184,8075470.374,15810400548.33842,0
1772553600000,1968.38,2010.15,1959.69,1985.32,16181651.563,1772567999999,32065313390.45588,48905,9486021.249,18811608117.26414,0
1772568000000,1985.23,1999.14,1959.01,1981.81,11348024.880,1772582399999,22460240906.98704,44592,4972506.596,9846910047.24985,0
1772582400000,1981.68,1993.68,1945.30,1959.78,13980327.375,1772596799999,27597217945.77831,47211,6127764.449,12103919724.45079,0
1772596800000,1959.78,2006.37,1950.65,2004.59,9303187.151,1772611199999,18325310714.01941,36129,5861820.825,11563092992.12470,0
1772611200000,2004.59,2090.98,1999.83,2054.42,10595478.899,1772625599999,21851862554.38952,39005,6456362.511,13302177947.57989,0
1772625600000,2054.58,2156.00,1815.00,2142.25,11521294.436,1772639999999,23886207604.11754,40681,7771263.663,16159750547.71648,0
1772640000000,2140.25,2307.15,2131.61,2177.66,11476468.070,1772654399999,24753866831.13119,39186,7233250.806,15611949828.06307,0
1772654400000,2177.67,2179.57,2116.45,2128.65,12105474.935,1772668799999,26006153685.76076,45405,4713452.154,10128351552.87838,0
1772668800000,2128.64,2138.50,2108.30,2119.14,9683962.087,1772683199999,20564486542.62828,37792,4789223.193,10181245030.48732,0
1772683200000,2119.14,2142.78,2097.10,2104.03,10950404.798,1772697599999,23249763523.91590,44140,5278620.381,11215177369.33767,0
1772697600000,2104.03,2161.58,2094.25,2137.11,12182993.488,1772711999999,25925221450.75853,46676,7307277.178,15559090257.88448,0
1772712000000,2137.20,2141.81,2061.02,2085.10,15086257.585,1772726399999,31866740193.60261,51395,6145271.196,12984156668.07109,0
1772726400000,2083.35,2091.01,2055.73,2073.92,11200808.104,1772740799999,23223641284.57810,39877,6249389.932,12967672150.29931,0
1772740800000,2074.21,2097.13,2070.95,2072.15,8179105.407,1772755199999,17044678110.76979,38545,4279256.518,8927048995.82686,0
1772755200000,2072.14,2092.00,2062.62,2083.50,9306149.198,1772769599999,19352045971.68646,40007,5449069.876,11337706429.13642,0
1772769600000,2083.14,2085.22,2059.20,2082.22,8956566.514,1772783999999,18555686376.94977,40310,4318482.345,8952442751.67787,0
1772784000000,2081.65,2081.65,2046.27,2050.24,7926769.538,1772798399999,16366648233.96043,37496,3389347.220,6996554933.38116,0
1772798400000,2050.17,2056.15,1966.00,1977.35,12495531.419,1772812799999,25161559184.02363,44538,5559315.774,11202164438.90965,0
1772812800000,1977.35,1989.85,1956.65,1983.13,11218119.650,1772827199999,22153402252.76659,44353,6742645.597,13319334858.29794,0
1772827200000,1983.10,1987.53,1969.86,1977.81,6654803.117,1772841599999,13174909471.10717,34172,3295249.022,6527209898.30265,0
1772841600000,1977.99,2169.73,1972.82,1979.15,5423112.433,1772855999999,10739645341.74199,33211,2534703.691,5023442922.11103,0
1772856000000,1979.25,1982.48,1965.53,1982.05,5081280.215,1772870399999,10032482507.67979,27525,2898579.963,5725206453.19612,0
1772870400000,1982.02,1991.77,1975.54,1987.46,3709150.248,1772884799999,7360107250.04723,23069,2417134.260,4797550795.31093,0
1772884800000,1987.46,1989.53,1970.14,1980.48,5228144.410,1772899199999,10355736066.91397,31756,2148106.034,4255017364.31207,0
1772899200000,1980.44,1981.74,1948.30,1954.19,4602861.559,1772913599999,9069396220.89586,27949,1699073.763,3352017223.82148,0
1772913600000,1954.03,1983.00,1954.03,1968.43,5365519.235,1772927999999,10546408658.39705,29162,3536795.800,6950750205.22906,0
1772928000000,1968.46,1975.38,1937.23,1947.56,6317067.918,1772942399999,12379746034.86413,32841,3083739.063,6045876109.40859,0
1772942400000,1947.56,1956.79,1933.33,1954.34,5746254.345,1772956799999,11189371626.22082,30121,2994360.522,5832461404.13933,0
1772956800000,1954.43,1977.20,1946.21,1950.55,6828897.546,1772971199999,13384087634.33306,35095,3881551.427,7610160210.90472,0
1772971200000,1950.56,1953.71,1926.79,1941.88,9564828.776,1772985599999,18572786909.07717,40718,5086774.387,9881600505.53999,0
1772985600000,1941.84,1966.71,1927.87,1962.52,5867650.245,1772999999999,11384451383.66264,29317,3262997.070,6337345866.13931,0
1773000000000,1962.58,1966.55,1912.80,1935.49,9133776.236,1773014399999,17752368709.99872,36799,4318734.865,8392585446.26791,0
1773014400000,1935.01,2001.68,1931.62,1976.25,11958542.177,1773028799999,23394217586.99225,45115,6325084.219,12384477804.38843,0
1773028800000,1976.25,2120.00,1965.53,1982.17,9758273.726,1773043199999,19391575248.22567,40207,4874104.799,9683593617.44577,0
1773043200000,1982.17,2017.99,1978.58,1991.39,10347290.346,1773057599999,20647942825.55253,42698,5613225.079,11196932726.86879,0
1773057600000,1991.48,2033.00,1991.35,2022.30,12421046.921,1773071999999,25026448753.59132,46892,6824611.493,13750115650.24822,0
1773072000000,2022.30,2048.80,1911.67,2032.54,10860523.039,1773086399999,21961505211.10181,43301,4939127.357,10001848308.01579,0
1773086400000,2032.54,2036.01,1990.08,1993.21,8227620.832,1773100799999,16603464042.71465,37566,3305843.397,6684499872.18381,0
1773100800000,1993.20,2052.16,1991.40,2025.99,9572996.608,1773115199999,19366294504.97755,41270,5666501.570,11445140847.23492,0
1773115200000,2025.99,2053.57,2025.82,2049.01,7327141.565,1773129599999,14967054198.33150,38235,4352395.416,8890864500.30530,0
1773129600000,2049.01,2068.90,2049.01,2060.88,8548773.035,1773143999999,17620033241.88992,42039,4688864.653,9665434852.62145,0
1773144000000,2060.88,2150.00,2010.66,2078.31,9679566.118,1773158399999,19740835640.27804,48131,4392709.021,8951940408.01644,0
1773158400000,2078.31,2126.00,2028.40,2035.86,327759.922,1773172799999,675003514.34426,22041,16426.193,34175212.78186,0
1773172800000,2035.86,2087.73,2021.01,2036.31,107364.501,1773187199999,218343685.02660,17861,10675.536,21779574.67373,0
1773187200000,2036.31,2100.30,2017.65,2020.51,272215.263,1773201599999,552200316.05856,25501,17491.166,35990300.11978,0
1773201600000,2020.39,2461.87,2008.18,2013.36,1128868.001,1773215999999,2395724934.32628,36435,208083.104,479246961.58726,0
1773216000000,2013.36,2073.61,2009.75,2017.65,134590.957,1773230399999,271860104.78318,32394,17921.330,36273023.56185,0
1773230400000,2017.66,2150.00,2012.63,2048.64,5219416.975,1773244799999,10712100812.69330,30676,3047647.591,6252054586.80915,0
1773244800000,2048.64,2082.20,2039.84,2073.84,9329176.564,1773259199999,19291050923.18138,43030,5950472.799,12302363860.84265,0
1773259200000,2073.84,2077.39,2048.38,2051.28,8243981.794,1773273599999,17026886692.45489,43558,4057594.233,8378629199.88212,0
1773273600000,2051.28,2058.77,2020.68,2022.40,7986351.285,1773287999999,16306534781.54545,46165,4461649.148,9110570291.67794,0
1773288000000,2022.43,2039.99,2018.46,2039.89,6311497.033,1773302399999,12793414534.82816,42056,3888908.347,7886058018.87288,0
1773302400000,2039.62,2073.68,2038.41,2062.25,7701062.572,1773316799999,15826533506.09742,35002,4590599.307,9436256118.12279,0
1773316800000,2062.17,2082.95,2038.63,2072.43,10273242.915,1773331199999,21172071884.08913,43875,5743002.868,11834790446.74660,0
1773331200000,2072.43,2074.59,2045.89,2070.54,9749210.777,1773345599999,20094784747.30648,43758,4889241.315,10083025511.95765,0
1773345600000,2070.54,2091.69,2056.00,2073.68,8036818.378,1773359999999,16607363957.20114,42027,4039083.586,8353955034.23546,0
1773360000000,2073.68,2150.00,2070.73,2117.81,9268303.249,1773374399999,19587381983.15650,44290,4566120.797,9627616467.43840,0
1773374400000,2117.66,2118.71,2091.88,2095.97,4738631.531,1773388799999,9991548947.78788,28633,1676820.146,3534724140.75158,0
1773388800000,2094.88,2131.51,2094.88,2121.15,6917798.690,1773403199999,14638281948.70817,31855,4399073.265,9303609612.42345,0
1773403200000,2121.14,2201.00,2120.43,2132.07,9837157.685,1773417599999,21246295972.13069,42481,5393967.285,11643759373.96053,0
1773417600000,2132.07,2141.11,2091.89,2101.47,9328171.689,1773431999999,19713878849.49645,44432,4302802.402,9094536200.27392,0
1773432000000,2101.32,2113.88,2079.50,2092.27,5352347.830,1773446399999,11224071942.13457,30058,2852950.628,5980825374.34414,0
1773446400000,2092.27,2101.19,2083.93,2100.47,5347655.978,1773460799999,11184794428.46114,29265,3186062.623,6665422132.88151,0
1773460800000,2100.42,2104.43,2073.81,2076.60,5331070.287,1773475199999,11132336549.18937,35675,2082867.952,4353466714.24746,0
1773475200000,2076.36,2079.71,2061.36,2072.80,3830991.867,1773489599999,7937373296.56268,33098,1995592.694,4135076934.94266,0
1773489600000,2072.52,2079.23,2069.69,2073.99,5115464.984,1773503999999,10612258039.29556,37398,2874775.773,5964254937.43156,0
1773504000000,2073.81,2077.46,2069.72,2076.98,2173051.720,1773518399999,4507293682.89646,23689,1196148.322,2481764981.64267,0
1773518400000,2076.99,2097.59,2076.17,2095.07,4006111.638,1773532799999,8362949604.56458,29793,2915055.854,6086892295.27157,0
1773532800000,2095.07,2104.12,2083.19,2095.04,4728559.029,1773547199999,9894577255.88448,31466,2409025.208,5042279729.67804,0
1773547200000,2095.04,2114.51,2095.04,2104.89,4568582.326,1773561599999,9619308203.11066,26555,2466314.663,5191026840.76058,0
1773561600000,2104.89,2121.09,2104.89,2119.10,3537485.792,1773575999999,7483353683.38154,28330,2209402.070,4673186859.31841,0
1773576000000,2119.26,2119.81,2086.83,2093.19,6501864.742,1773590399999,13641860161.08639,52791,3064708.917,6426461186.31872,0
1773590400000,2092.69,2113.23,2089.69,2112.64,7161061.159,1773604799999,15046267163.54154,59221,4935523.714,10373515395.75736,0
1773604800000,2112.51,2198.83,2109.97,2175.03,9905479.498,1773619199999,21273598074.39663,61677,6520005.003,14012370584.74152,0
1773619200000,2175.21,2246.94,2165.55,2235.33,10178925.044,1773633599999,22239100151.95226,62174,6063548.005,13253660217.77269,0
1773633600000,2235.33,2280.93,2235.33,2247.85,9036399.392,1773647999999,20428363069.97921,56626,4836743.680,10935202852.67883,0
1773648000000,2247.85,2277.68,2236.98,2269.13,8825801.654,1773662399999,19926752103.87154,57911,4822799.615,10893676033.85905,0
1773662400000,2269.14,2300.71,2258.10,2273.96,9846764.940,1773676799999,22476278292.98149,50658,4765947.668,10878670630.03344,0
1773676800000,2273.36,2339.71,2270.05,2331.28,9112911.334,1773691199999,21062310869.09383,43597,5904403.865,13627332401.32957,0
1773691200000,2331.29,2375.70,2323.41,2351.10,8998260.198,1773705599999,21143759625.88397,52387,5480877.181,12875636371.22650,0
1773705600000,2351.10,2370.59,2309.85,2318.29,8898308.784,1773719999999,20897679122.05652,47345,4130588.866,9706257076.66041,0
1773720000000,2318.29,2336.38,2298.99,2326.35,8366043.980,1773734399999,19370887843.93387,39821,4279120.035,9908226743.16204,0
1773734400000,2326.35,2333.04,2306.78,2326.36,7734552.238,1773748799999,17942461988.84781,39384,4062015.553,9426425460.98509,0
1773748800000,2326.35,2351.74,2307.12,2315.00,8912674.037,1773763199999,20741738992.55429,42515,4570391.968,10642447535.38599,0
1773763200000,2315.00,2341.48,2314.37,2319.81,7943893.221,1773777599999,18508593128.18855,41279,4162656.268,9700034428.86865,0
1773777600000,2319.85,2340.92,2317.25,2317.25,6208181.133,1773791999999,14460258594.59729,35727,3320261.870,7735187835.10647,0
1773792000000,2317.25,2347.01,2308.07,2340.50,5917642.992,1773806399999,13772317518.78520,35550,3286005.442,7650287217.93075,0
1773806400000,2341.04,2341.45,2312.33,2317.39,5348034.810,1773820799999,12427487933.16360,35508,2112732.410,4904902864.56585,0
1773820800000,2317.58,2332.01,2266.18,2268.36,6553173.234,1773835199999,15152446955.74858,37868,2367503.077,5493411944.78508,0
1773835200000,2268.36,2269.65,2177.67,2186.83,9491680.187,1773849599999,21088926011.37206,42172,3520877.749,7809522370.35432,0
1773849600000,2185.84,2216.12,2171.64,2184.89,8395776.143,1773863999999,18388021850.47512,36837,4197844.269,9193017268.31224,0
1773864000000,2184.88,2204.99,2166.16,2202.12,8734169.495,1773878399999,19131252281.67182,41098,5049974.733,11066453086.03918,0
1773878400000,2201.79,2227.79,2187.66,2211.19,7873882.236,1773892799999,17327376104.26503,38410,3866862.906,8513704563.46101,0
1773892800000,2211.57,2211.57,2147.03,2166.32,8631757.296,1773907199999,18858117092.32789,42323,2755449.271,6011521418.92698,0
1773907200000,2166.57,2189.06,2157.81,2165.72,7633328.508,1773921599999,16577055375.20800,37460,3788045.731,8226023763.63870,0
1773921600000,2165.60,2165.92,2103.53,2119.15,10093658.846,1773935999999,21491022358.14602,42231,4423785.945,9415279246.63121,0
1773936000000,2119.82,2155.13,2106.30,2141.63,9222612.318,1773950399999,19582123187.72114,39277,5316110.960,11290220150.95808,0
1773950400000,2141.63,2152.93,2131.69,2137.05,8798323.487,1773964799999,18862222969.07280,40707,4553714.023,9764238115.31642,0
1773964800000,2137.24,2158.56,2134.54,2150.97,8119000.641,1773979199999,17423716897.78253,38278,4670634.062,10024129482.73992,0
1773979200000,2150.97,2157.35,2121.21,2150.26,7970865.595,1773993599999,17065083327.26508,38614,3902137.430,8354681875.98088,0
1773993600000,2150.27,2169.11,2131.80,2140.51,6615884.720,1774007999999,14216247221.50046,29851,3339301.537,7176519713.28652,0
1774008000000,2140.68,2149.13,2120.89,2133.12,9283520.668,1774022399999,19815076981.54867,39129,4708067.857,10051876123.15478,0
1774022400000,2133.12,2140.97,2117.06,2131.70,9334927.083,1774036799999,19875996032.49537,39793,4250254.810,9051359013.64723,0
1774036800000,2132.16,2161.57,2123.44,2144.78,6270780.414,1774051199999,13447699142.66671,32418,3351378.659,7185086642.77802,0
1774051200000,2144.78,2157.00,2143.83,2152.20,4658394.891,1774065599999,10018718644.53415,32464,2645766.538,5690667035.29399,0
1774065600000,2152.21,2159.70,2149.86,2154.12,2312007.883,1774079999999,4981387488.06551,23207,1489818.843,3210224326.98021,0
1774080000000,2153.94,2157.17,2149.14,2155.79,1901144.310,1774094399999,4094815385.99630,21922,999914.260,2154016692.04031,0
1774094400000,2155.79,2163.94,2146.15,2153.96,3550025.686,1774108799999,7651344734.60493,26249,1631930.280,3518821795.88160,0
1774108800000,2153.78,2154.48,2142.79,2151.04,3059669.591,1774123199999,6574587565.72676,27783,1528790.492,3284846840.96425,0
1774123200000,2151.04,2155.61,2082.28,2082.56,4010661.822,1774137599999,8551803651.46462,30291,1002877.151,2157460596.70655,0
1774137600000,2082.54,2122.27,2058.64,2112.10,8360562.654,1774151999999,17483887243.49980,37949,4907667.900,10258347214.73423,0
1774152000000,2112.10,2119.77,2096.23,2096.23,5731077.397,1774166399999,12098040280.39246,32198,2196760.275,4638998716.82352,0
1774166400000,2096.23,2097.04,2068.52,2068.56,6936497.516,1774180799999,14442754861.71267,34594,3000864.457,6250980091.71337,0
1774180800000,2068.56,2088.39,2068.42,2080.99,6673477.078,1774195199999,13873940413.79640,36822,4046931.882,8412159332.31717,0
1774195200000,2080.99,2082.99,2054.70,2061.16,6372895.907,1774209599999,13200082005.85335,37425,2921893.713,6052633862.89889,0
1774209600000,2061.16,2069.05,2031.13,2052.54,8885951.733,1774223999999,18246414572.31506,37025,4270445.304,8771436471.16431,0
1774224000000,2052.50,2067.19,2037.64,2050.89,9217318.678,1774238399999,18925969568.70369,38741,4131002.325,8483144944.40522,0
1774238400000,2050.89,2069.15,2027.97,2043.33,8609565.860,1774252799999,17652610181.32348,37814,4487353.988,9204398984.52821,0
1774252800000,2043.33,2176.34,2030.70,2136.74,10863906.972,1774267199999,22557331929.24802,42321,7151261.462,14832025223.54384,0
1774267200000,2136.70,2185.54,2112.80,2131.69,9721761.339,1774281599999,20958244590.45889,39241,5044226.129,10866807885.53240,0
1774281600000,2132.70,2172.62,2120.99,2152.86,8922790.078,1774295999999,19136767028.23446,40150,4896925.399,10504252708.82243,0
1774296000000,2153.18,2162.82,2140.82,2150.64,7198137.457,1774310399999,15490932823.93973,38736,3378361.202,7270971724.28697,0
1774310400000,2150.64,2151.69,2128.52,2140.41,8021942.258,1774324799999,17156355285.45448,38925,4086286.509,8739294965.73555,0
1774324800000,2139.70,2163.78,2127.99,2163.78,7874927.061,1774339199999,16865872038.06800,38035,4864439.205,10425784715.65101,0
1774339200000,2163.78,2170.98,2147.58,2164.22,7825205.503,1774353599999,16889551055.92949,40625,3793780.874,8190781474.00853,0
1774353600000,2164.26,2166.88,2123.39,2133.16,9030150.688,1774367999999,19351251243.39182,40451,3725075.804,7984490476.73238,0
1774368000000,2133.16,2137.66,2103.53,2115.12,8442098.974,1774382399999,17887462071.04456,39565,3701339.978,7838402286.80684,0
1774382400000,2115.12,2160.90,2113.92,2154.59,7391769.711,1774396799999,15846432285.91753,36093,4769511.168,10221602046.71139,0
1774396800000,2154.58,2165.52,2148.17,2156.68,6020872.026,1774411199999,12985821819.20910,36455,2767570.350,5970358902.42457,0
1774411200000,2156.64,2173.49,2155.35,2163.28,5834180.521,1774425599999,12639261913.67550,34122,3371579.787,7304217362.80034,0
1774425600000,2163.50,2197.08,2163.13,2184.05,8156111.493,1774439999999,17790737662.35859,44802,4960098.363,10816884053.68846,0
1774440000000,2184.04,2196.00,2155.25,2164.52,10783072.781,1774454399999,23473077883.54764,46186,5614938.709,12220999306.75182,0
1774454400000,2163.22,2176.99,2156.79,2169.63,9872203.627,1774468799999,21393683338.74590,59621,5126854.087,11110373815.08969,0
1774468800000,2169.63,2175.66,2158.87,2167.20,6558831.413,1774483199999,14210303344.52914,60324,3208189.560,6951994784.43586,0
1774483200000,2167.20,2169.92,2144.19,2151.48,8007038.929,1774497599999,17280302531.65746,64496,3738683.424,8071062065.54991,0
1774497600000,2151.48,2152.04,2113.32,2122.21,8265374.466,1774511999999,17601498486.33588,60075,4273860.759,9091223125.54857,0
1774512000000,2122.21,2124.27,2065.14,2066.98,8526024.654,1774526399999,17841163917.47305,57148,3996688.678,8357844413.14355,0
1774526400000,2066.98,2089.52,2060.00,2068.58,9868468.896,1774540799999,20453356408.51709,57457,5412596.370,11219053584.99222,0
1774540800000,2068.58,2068.67,2035.50,2046.36,9394511.832,1774555199999,19288568245.38963,60877,4075932.055,8366260440.75820,0
1774555200000,2046.36,2072.65,2045.47,2058.34,8325453.148,1774569599999,17176447560.45375,55637,4459808.864,9199781968.15759,0
1774569600000,2058.31,2074.03,2056.64,2059.47,7915814.974,1774583999999,16345232519.71654,60254,4232145.085,8740526095.00431,0
1774584000000,2059.47,2069.39,2043.50,2063.55,7428937.403,1774598399999,15295616658.33742,55439,4020942.848,8277262882.37163,0
1774598400000,2063.92,2064.96,1987.86,1989.70,10552646.110,1774612799999,21406877995.97576,62861,4318097.241,8749207329.00314,0
1774612800000,1989.70,2010.60,1972.64,1989.59,11153378.030,1774627199999,22156627625.05432,59098,6046981.203,12009203063.20139,0
1774627200000,1989.59,1993.35,1972.78,1991.23,10424602.802,1774641599999,20673635592.48514,58743,5590445.142,11089998134.09470,0
1774641600000,1991.23,1993.35,1979.38,1990.87,6170841.578,1774655999999,12248244673.05933,54681,3267087.569,6484416793.86539,0
1774656000000,1990.25,1993.19,1981.25,1987.31,5233696.613,1774670399999,10404092657.12669,50264,2796504.149,5559905397.67494,0
1774670400000,1987.15,2006.26,1985.54,2005.09,3283912.343,1774684799999,6552398266.47784,42445,2322794.799,4636564379.05263,0
1774684800000,2005.08,2006.33,1991.68,1995.60,4913771.361,1774699199999,9815066662.14506,52662,2179176.064,4351643042.10117,0
1774699200000,1995.77,2029.61,1992.25,2024.32,8339065.104,1774713599999,16795570847.85907,60423,4638873.939,9337766492.93934,0
1774713600000,2024.32,2028.17,2015.93,2018.65,4218735.672,1774727999999,8527810469.65637,48936,2090080.523,4226560919.38408,0
1774728000000,2018.65,2024.30,1990.67,1993.30,6287307.515,1774742399999,12635267183.85019,53921,2624421.948,5276759380.92649,0
1774742400000,1993.30,2014.75,1990.85,2009.27,6220239.897,1774756799999,12445402548.24018,52780,3613211.187,7225888621.36563,0
1774756800000,2009.69,2010.30,1996.60,2004.63,4849875.046,1774771199999,9712361112.95429,44664,2619163.120,5246334795.56336,0
1774771200000,2004.63,2005.50,1990.26,2001.72,5159031.007,1774785599999,10311055470.65587,48903,2471659.347,4940525907.29428,0
1774785600000,2001.71,2002.66,1983.08,1990.34,6923406.841,1774799999999,13787896911.80124,54918,2803279.206,5583356362.79514,0
1774800000000,1990.33,2000.03,1987.20,1993.72,5418814.703,1774814399999,10803283103.60102,49259,2882562.059,5746968249.65525,0
1774814400000,1993.75,2004.53,1941.35,1981.90,8514464.988,1774828799999,16916496422.00799,54359,4123847.955,8192872333.43711,0
1774828800000,1981.90,2037.40,1978.48,2033.78,10825770.886,1774843199999,21750605328.59717,58175,6718924.433,13500759571.99800,0
1774843200000,2033.80,2056.87,2033.78,2056.87,8931351.681,1774857599999,18267735474.64482,59337,5036933.649,10303046586.12875,0
1774857600000,2056.89,2070.71,2047.83,2068.54,6725983.893,1774871999999,13847291451.94386,45162,4129350.854,8506497966.97488,0
1774872000000,2068.54,2079.48,2047.29,2072.28,10027939.085,1774886399999,20727475386.14337,61619,5379349.001,11121333958.69704,0
1774886400000,2072.28,2072.28,2011.93,2021.09,10317986.313,1774900799999,21071574341.67725,56632,4044699.189,8252376481.91334,0
1774900800000,2021.09,2044.50,2017.52,2024.15,7952254.889,1774915199999,16134845415.09702,54625,4128100.721,8371437317.39739,0
1774915200000,2024.15,2080.57,2015.42,2065.28,10494937.374,1774929599999,21545239475.48942,56427,5174835.388,10614302949.55188,0
1774929600000,2065.59,2068.13,2042.07,2053.62,8307607.459,1774943999999,17098373848.67411,51667,3687545.268,7590823634.41509,0
1774944000000,2053.62,2055.95,2013.91,2038.80,8214248.013,1774958399999,16697172313.87726,39344,3714312.155,7539531448.33149,0
1774958400000,2038.80,2084.77,2035.28,2053.23,9945493.387,1774972799999,20475321150.35259,39053,5772724.177,11880890462.57589,0
1774972800000,2053.28,2111.37,2053.23,2092.12,9992839.105,1774987199999,20893204063.08619,41018,5615979.433,11735953019.77094,0
1774987200000,2092.12,2104.68,2088.39,2103.66,8071815.837,1775001599999,16930725383.51081,37416,4222995.038,8861676099.70646,0
1775001600000,2103.38,2112.22,2081.40,2099.68,9349596.407,1775015999999,19592193453.08448,41852,4141482.706,8686961608.48255,0
1775016000000,2100.23,2153.58,2098.88,2129.01,7703865.930,1775030399999,16387730681.95098,38809,4481913.508,9523575833.11948,0
1775030400000,2129.08,2139.92,2124.61,2133.82,6491335.670,1775044799999,13841401507.93593,33239,3369348.351,7185829348.95766,0
1775044800000,2133.82,2134.66,2112.06,2133.59,8764624.488,1775059199999,18628737353.92179,40772,4944843.330,10510988341.34749,0
1775059200000,2133.59,2161.77,2124.59,2139.71,8989275.043,1775073599999,19199018214.41533,40588,4752215.973,10150905841.20852,0
1775073600000,2139.75,2158.14,2131.05,2137.53,8172896.475,1775087999999,17520195501.78214,39585,4245847.020,9105188141.91963,0
1775088000000,2137.12,2156.25,2052.11,2055.11,9774203.220,1775102399999,20519552625.12866,41732,3665461.500,7705182255.76491,0
1775102400000,2055.11,2056.11,2040.67,2054.34,7201868.708,1775116799999,14747257266.37445,36404,3434658.394,7035432076.88243,0
1775116800000,2054.33,2054.33,2030.83,2032.02,5505925.033,1775131199999,11237500931.23919,32581,1836387.004,3746284126.62884,0
1775131200000,2032.02,2069.34,2017.48,2058.01,9603836.989,1775145599999,19587138556.23184,39781,4956583.318,10112721747.31519,0
1775145600000,2057.84,2068.40,2043.82,2063.93,7392987.138,1775159999999,15205588847.25522,35801,4017818.707,8265984493.29252,0
1775160000000,2063.93,2071.98,2053.18,2055.91,6117405.203,1775174399999,12612914081.58566,32103,2863218.170,5906417218.81456,0
1775174400000,2055.91,2059.54,2042.07,2053.16,7439012.521,1775188799999,15259785803.26799,37108,3594324.244,7375164417.42540,0
1775188800000,2053.00,2070.79,2048.38,2064.98,5689197.679,1775203199999,11707934807.05140,32502,3301594.391,6795085123.01402,0
1775203200000,2064.98,2070.11,2052.79,2061.77,4360032.489,1775217599999,8984386073.84710,32897,2206617.392,4548065051.44459,0
1775217600000,2061.66,2065.30,2041.53,2050.31,7012467.167,1775231999999,14387942630.86026,39237,3437816.971,7054295545.04188,0
1775232000000,2050.31,2054.88,2044.74,2051.49,4585623.433,1775246399999,9399639498.30503,33932,2525121.672,5177075753.79746,0
1775246400000,2051.35,2057.94,2048.25,2052.64,2693932.349,1775260799999,5530473690.30722,25052,1367594.177,2807470833.26946,0
1775260800000,2052.64,2052.68,2047.56,2049.67,1518077.383,1775275199999,3112473663.30068,22074,691738.003,1418394214.93272,0
1775275200000,2049.67,2055.91,2047.92,2052.64,1696396.877,1775289599999,3481203505.17956,23415,1080799.241,2217938089.34457,0
1775289600000,2052.64,2053.37,2047.18,2050.92,1221294.873,1775303999999,2504627559.44941,16177,680831.139,1396523248.92798,0
1775304000000,2050.19,2057.44,2045.41,2054.34,2965216.062,1775318399999,6083221897.87038,26181,1770985.030,3633130525.77450,0
1775318400000,2054.34,2073.60,2052.55,2063.66,4068244.113,1775332799999,8380422158.96785,30444,2333687.642,4807363334.45067,0
1775332800000,2063.66,2070.45,2059.00,2064.23,2474916.929,1775347199999,5111558931.62069,24755,1249798.574,2582045590.40524,0
1775347200000,2064.08,2064.50,2053.12,2055.36,2261240.470,1775361599999,4652844252.63436,24982,747678.606,1538583849.57248,0
1775361600000,2055.27,2056.74,2028.48,2035.98,4532279.245,1775375999999,9256034379.59058,31348,1906455.378,3891078268.13598,0
1775376000000,2035.94,2048.75,2035.27,2041.10,2592868.319,1775390399999,5293900352.33396,26491,1586788.896,3238902573.35504,0
1775390400000,2041.10,2059.74,2022.17,2051.93,7283849.362,1775404799999,14842660176.90088,40824,3908120.818,7965712488.91687,0
1775404800000,2051.92,2067.84,2048.31,2060.01,5497894.711,1775419199999,11315720272.40904,35919,3051958.072,6282646432.64293,0
1775419200000,2060.01,2119.76,2049.84,2107.48,7786632.462,1775433599999,16160115939.97920,40706,5150565.457,10681397412.87866,0
1775433600000,2107.48,2137.71,2107.44,2127.15,8253746.079,1775447999999,17529535109.27752,42155,3959673.060,8405228106.41974,0
1775448000000,2127.15,2137.24,2120.07,2133.81,5895820.835,1775462399999,12552913056.08649,35662,3111295.997,6625974912.51491,0
1775462400000,2133.82,2162.68,2133.63,2150.27,5728054.082,1775476799999,12302666864.07460,35988,3130524.934,6725931201.66155,0
1775476800000,2150.27,2166.75,2138.16,2163.78,8245125.453,1775491199999,17722777245.18078,42649,4801171.073,10326192177.67402,0
1775491200000,2164.05,2164.62,2125.05,2143.63,7721739.385,1775505599999,16550680196.32980,40664,3745283.840,8024886937.03228,0
1775505600000,2143.63,2152.72,2089.65,2106.20,7009930.811,1775519999999,14879784358.86876,38719,2404446.138,5091816348.44776,0
1775520000000,2106.20,2117.13,2092.90,2107.32,7204037.281,1775534399999,15184410024.03810,39754,3802125.899,8015691295.42409,0
1775534400000,2107.77,2117.28,2096.23,2102.75,6826379.550,1775548799999,14364556803.43906,53551,3041387.431,6400908057.28672,0
1775548800000,2102.75,2130.39,2082.63,2088.75,7542526.386,1775563199999,15887816200.62916,40193,3747325.207,7899105899.21074,0
1775563200000,2088.75,2089.52,2062.09,2079.08,8863813.773,1775577599999,18408660733.54159,42629,3895049.697,8089624352.80458,0
1775577600000,2079.10,2112.18,2077.71,2112.18,8085342.124,1775591999999,16895166297.57655,39613,4841302.454,10119403380.58697,0
1775592000000,2112.18,2262.79,2111.31,2240.88,10946147.025,1775606399999,23728971493.95281,44491,8130799.391,17628004367.97994,0
1775606400000,2241.74,2245.59,2229.77,2234.10,6321211.583,1775620799999,14138272245.77372,31724,3514361.506,7862126475.16342,0
1775620800000,2234.10,2256.57,2234.10,2251.95,4805438.655,1775635199999,10787392708.52570,28645,2644723.491,5937964550.13747,0
1775635200000,2251.95,2259.59,2239.25,2246.31,7665763.304,1775649599999,17248862305.44746,42256,4318972.945,9718440727.64893,0
1775649600000,2246.31,2263.95,2192.08,2214.53,8549546.751,1775663999999,19064782124.13768,41858,4670580.746,10419200226.11747,0
1775664000000,2214.53,2232.18,2199.05,2208.13,7621154.110,1775678399999,16887138575.77002,38269,3872103.136,8580485624.50027,0
1775678400000,2208.13,2220.17,2182.59,2189.86,6900995.573,1775692799999,15200492663.38655,35793,2996807.199,6602398260.39903,0
1775692800000,2189.86,2192.51,2166.64,2181.75,6679621.075,1775707199999,14557311349.05689,38896,3100812.082,6758234201.54154,0
1775707200000,2181.75,2186.99,2175.46,2180.39,4816727.744,1775721599999,10502554397.95641,35455,2412038.931,5260533146.09145,0
1775721600000,2180.32,2194.62,2176.10,2179.18,6234643.346,1775735999999,13624625562.14568,37387,3137312.355,6858959482.10475,0
1775736000000,2179.36,2219.97,2159.03,2215.84,8530831.186,1775750399999,18590559735.30107,41437,4625510.298,10099586218.26358,0
1775750400000,2215.78,2226.46,2194.00,2216.36,9051221.804,1775764799999,20015639656.54726,40623,4546216.083,10054432330.28488,0
1775764800000,2216.36,2232.18,2184.61,2188.51,8317956.076,1775779199999,18379370703.76429,41616,4238365.049,9373639997.20741,0
1775779200000,2188.48,2201.16,2182.83,2185.33,7564952.960,1775793599999,16571301932.67741,50597,3685318.203,8074757308.61296,0
1775793600000,2185.33,2201.75,2176.25,2178.62,6053864.663,1775807999999,13257446764.15084,63168,2901170.316,6357685179.35524,0
1775808000000,2178.57,2223.28,2176.25,2215.27,6826777.591,1775822399999,14999189863.45684,64964,4986883.633,10957338365.54555,0
1775822400000,2215.27,2250.13,2209.40,2222.78,9626289.296,1775836799999,21450499289.86190,66544,5371099.624,11970265627.91603,0
1775836800000,2222.78,2252.33,2221.09,2252.33,8483083.187,1775851199999,19021589987.38049,70564,5363811.972,12024454134.94583,0
1775851200000,2252.33,2255.65,2239.13,2244.64,6745743.222,1775865599999,15167727212.12208,63587,3132882.319,7045628631.90552,0
1775865600000,2244.63,2250.55,2235.42,2238.07,4759936.683,1775879999999,10675654858.68228,55772,2237248.051,5018196791.64619,0
1775880000000,2238.07,2242.68,2230.39,2232.58,4426344.192,1775894399999,9895708789.22192,58669,1926022.790,4306584187.73444,0
1775894400000,2232.56,2246.63,2232.23,2246.17,4041787.652,1775908799999,9054322958.01038,52305,2775242.463,6218213042.89329,0
1775908800000,2246.17,2250.72,2234.21,2249.54,4554723.016,1775923199999,10214457375.50297,57916,2464205.889,5527624740.08984,0
1775923200000,2249.76,2326.79,2246.30,2315.07,7419170.521,1775937599999,16918117433.73892,58978,4335872.877,9886041539.00712,0
1775937600000,2315.07,2316.57,2279.02,2284.34,8302569.075,1775951999999,19077263782.87562,64538,3996354.700,9180000732.52196,0
1775952000000,2284.34,2287.95,2214.29,2214.33,9393670.461,1775966399999,21096067662.14391,67407,4051088.329,9099709338.02905,0
1775966400000,2214.34,2220.05,2209.62,2219.02,5311707.720,1775980799999,11763761638.22152,65343,2824380.106,6256582864.37717,0
1775980800000,2219.02,2220.05,2199.05,2204.39,3408626.788,1775995199999,7533072507.56305,49045,1408463.848,3112694064.05279,0
1775995200000,2204.30,2207.56,2177.80,2186.28,7495837.348,1776009599999,16427280723.78453,63614,3831504.019,8397193395.87009,0
1776009600000,2186.24,2205.95,2182.99,2197.90,5372453.549,1776023999999,11794593559.01824,61945,3083930.136,6771229250.67333,0
1776024000000,2198.18,2215.18,2185.10,2190.96,8848213.214,1776038399999,19451643727.11705,67919,4816308.510,10591114624.38840,0
1776038400000,2191.03,2207.30,2187.15,2193.58,7071281.749,1776052799999,15546502945.51122,62271,3445184.574,7575646619.91538,0
1776052800000,2193.63,2199.19,2182.75,2185.79,6820095.250,1776067199999,14945239826.72723,65117,3381734.950,7411436205.17791,0
1776067200000,2185.78,2195.00,2180.16,2186.92,6331569.980,1776081599999,13836831756.05870,63416,2659920.196,5814207468.18622,0
1776081600000,2186.92,2228.56,2176.43,2208.85,10087539.984,1776095999999,22201802650.33029,60433,5175016.867,11402240965.17754,0
1776096000000,2209.00,2264.69,2203.11,2262.99,9356042.430,1776110399999,20864287222.35813,62543,5442437.226,12143724997.13289,0
1776110400000,2262.99,2430.00,2248.71,2371.71,10553270.324,1776124799999,24272082959.33060,64785,7012336.324,16154487041.32514,0
1776124800000,2371.78,2376.40,2351.99,2365.84,7616922.374,1776139199999,18034869050.04234,67851,3505856.360,8303032008.38572,0
1776139200000,2365.87,2383.09,2355.67,2376.93,6392328.615,1776153599999,15139293038.67180,65563,3318590.467,7862035648.06682,0
1776153600000,2376.93,2394.50,2369.26,2374.26,7300497.226,1776167999999,17389176551.63300,66259,4237616.406,10093515884.74039,0
1776168000000,2374.25,2406.85,2340.18,2363.81,9294043.962,1776182399999,22053787761.63652,60957,5012660.382,11907733509.56009,0
1776182400000,2363.81,2370.42,2306.90,2313.54,8813020.288,1776196799999,20577675656.44781,56889,4210977.322,9832330417.98379,0
1776196800000,2314.02,2331.55,2310.87,2322.74,8837733.422,1776211199999,20493953126.87136,66353,5467753.586,12681692769.53464,0
1776211200000,2322.74,2339.67,2318.93,2328.82,7888228.319,1776225599999,18386923538.90716,65558,4247896.963,9903695456.77982,0
1776225600000,2328.80,2337.48,2310.48,2316.42,7041672.617,1776239999999,16358326764.01350,58815,3672187.843,8532583385.84320,0
1776240000000,2316.42,2337.16,2313.48,2337.10,8290271.551,1776254399999,19256353402.34079,68132,4995310.962,11605848348.34048,0
1776254400000,2337.10,2342.98,2318.88,2331.64,9116269.653,1776268799999,21263235790.49771,61393,4927004.492,11491651641.26110,0
1776268800000,2331.64,2376.88,2329.45,2375.10,8652422.168,1776283199999,20344340582.57510,54261,5662304.462,13314823434.09469,0
1776283200000,2375.29,2375.82,2348.70,2359.30,8752022.274,1776297599999,20664194561.47052,56076,4294971.222,10136824480.12555,0
1776297600000,2359.36,2368.10,2348.59,2357.24,8090322.922,1776311999999,19065670440.82417,57380,4455800.918,10503876163.95788,0
1776312000000,2357.29,2362.25,2339.26,2341.07,6079995.270,1776326399999,14314822029.60049,55386,2624489.559,6181849653.97119,0
1776326400000,2340.97,2347.39,2328.73,2335.41,5696963.851,1776340799999,13312899453.48481,51499,2500580.174,5844681930.97465,0
1776340800000,2335.41,2348.69,2288.08,2339.83,9011468.335,1776355199999,20949218845.14432,56404,4779728.744,11114707608.21589,0
1776355200000,2339.75,2359.99,2312.76,2357.59,9214358.003,1776369599999,21481362055.32024,59169,5191076.029,12123343472.06473,0
1776369600000,2357.59,2362.56,2338.11,2348.25,7762515.553,1776383999999,18223630113.60214,66241,3939543.042,9250963075.96560,0
1776384000000,2348.25,2350.14,2324.73,2325.40,6902340.191,1776398399999,16119514113.13417,67988,3027886.904,7071560124.79509,0
1776398400000,2325.40,2341.36,2318.25,2333.35,5479438.427,1776412799999,12759412430.83218,56950,3036287.933,7069571034.15772,0
1776412800000,2333.35,2364.02,2332.86,2354.46,8628770.235,1776427199999,20276527748.73382,64290,5615767.835,13192836636.69773,0
1776427200000,2354.48,2449.72,2351.02,2442.26,9742764.584,1776441599999,23486170057.46144,58436,5448248.608,13109918726.06577,0
1776441600000,2442.27,2463.89,2416.48,2428.59,8961651.464,1776455999999,21822270309.54923,66000,4090787.452,9964082994.75168,0
1776456000000,2428.07,2438.74,2418.63,2420.14,8196895.422,1776470399999,19901641334.08574,72989,3828416.792,9294492890.09249,0
1776470400000,2420.14,2427.01,2402.64,2403.86,6089410.587,1776484799999,14731294654.82527,62891,2998628.096,7257574313.10768,0
1776484800000,2406.67,2413.21,2401.29,2404.75,4762735.668,1776499199999,11466427618.47770,59366,2117789.519,5099901481.24528,0
1776499200000,2404.75,2405.00,2348.90,2353.92,7850512.729,1776513599999,18611557048.51070,63980,3277237.641,7764760315.32793,0
1776513600000,2353.92,2366.08,2346.60,2362.92,7276319.599,1776527999999,17152014928.81038,63451,4344719.627,10245090831.24383,0
1776528000000,2362.90,2369.64,2342.50,2348.12,7270682.121,1776542399999,17132023217.47204,66415,3013897.866,7104478335.70054,0
1776542400000,2348.12,2358.80,2344.84,2350.23,4485397.165,1776556799999,10549516259.79525,57626,2343837.669,5513635104.48533,0
1776556800000,2350.28,2355.05,2333.94,2339.11,6030200.930,1776571199999,14135203170.30223,53967,2481945.302,5820876052.70076,0
1776571200000,2339.11,2345.29,2304.25,2315.74,6594287.270,1776585599999,15345483392.02668,61450,2882078.976,6710084153.30002,0
1776585600000,2315.75,2330.01,2306.64,2328.79,5991684.115,1776599999999,13879913619.85999,52919,3804460.211,8818202077.20313,0
1776600000000,2328.79,2344.60,2322.26,2329.92,7654619.346,1776614399999,17870203050.27814,56174,4355538.487,10168498536.22214,0
1776614400000,2329.92,2330.17,2288.96,2300.12,8663575.444,1776628799999,19983618148.99266,59648,3753398.876,8659070350.95335,0
1776628800000,2300.12,2300.12,2255.47,2264.00,9175621.091,1776643199999,20885802672.95281,65268,4152604.083,9446336957.53777,0
1776643200000,2264.00,2292.42,2263.93,2286.22,7514009.363,1776657599999,17131410497.52746,61876,4738524.243,10802006449.76428,0
1776657600000,2286.22,2315.07,2264.04,2291.73,8983089.848,1776671999999,20499585080.03468,63758,4667181.095,10657549706.81748,0
1776672000000,2291.73,2319.48,2290.66,2308.15,8621590.364,1776686399999,19873111885.95618,68989,4470330.719,10304148188.06070,0
1776686400000,2308.15,2321.82,2281.35,2313.39,10139774.208,1776700799999,23411265886.28430,65315,5790571.511,13376312245.53765,0
1776700800000,2313.36,2337.15,2298.33,2332.21,8722108.605,1776715199999,20219284012.43468,64068,5123373.419,11876096960.45668,0
1776715200000,2332.16,2340.33,2309.18,2313.84,7863379.515,1776729599999,18275206731.75071,63732,3442778.550,8003316185.42200,0
1776729600000,2313.84,2325.77,2301.25,2311.29,6839884.883,1776743999999,15822890118.36159,60874,3617672.902,8369180750.29541,0
1776744000000,2311.28,2319.39,2303.66,2318.42,1136949.900,1776758399999,2626919295.16233,12918,443441.065,1025505821.67555,0
1776758400000,2318.42,2335.31,2314.95,2326.15,5098844.448,1776772799999,11850870170.60885,44536,3066597.929,7130162331.79476,0
1776772800000,2327.31,2327.31,2298.72,2306.55,4890613.817,1776787199999,11292764834.80762,41729,2357590.725,5442814905.83330,0
1776787200000,2306.70,2329.30,2291.86,2297.77,9235086.320,1776801599999,21318846037.05648,60577,4838954.616,11176596073.44555,0
1776801600000,2297.80,2327.16,2296.64,2327.10,7700286.272,1776815999999,17816220663.97772,67563,4303335.179,9958632656.91554,0
1776816000000,2327.16,2374.35,2314.41,2364.03,6597405.974,1776830399999,15468670307.10010,54754,4048629.606,9501263912.52606,0
1776830400000,2365.15,2401.27,2358.52,2390.10,7592214.000,1776844799999,18088418139.01111,67529,4088739.890,9740092476.76206,0
1776844800000,2390.20,2397.73,2383.79,2397.73,5919719.863,1776859199999,14147350273.41483,64041,3088360.256,7382817521.38602,0
1776859200000,2397.73,2421.98,2394.24,2404.93,9216125.806,1776873599999,22170264601.57018,68577,5655756.432,13606457941.45216,0
1776873600000,2404.93,2412.75,2385.69,2395.85,8804970.500,1776887999999,21108463231.77562,66451,4350961.724,10431926558.73394,0
1776888000000,2395.74,2405.15,2374.18,2374.18,6961959.002,1776902399999,16669976483.77774,67234,3027729.424,7253951650.75842,0
1776902400000,2374.19,2379.01,2333.11,2339.97,8703165.951,1776916799999,20525281565.32192,67753,3598970.513,8486363816.92604,0
1776916800000,2339.97,2358.30,2337.29,2343.90,6393235.001,1776931199999,15016651051.66211,70377,3615613.816,8494311986.44269,0
1776931200000,2343.90,2344.62,2307.65,2328.64,7555692.879,1776945599999,17565884537.75827,69879,4430507.502,10293879027.29095,0
1776945600000,2328.64,2338.16,2315.97,2332.65,8805880.167,1776959999999,20497911612.24423,66072,4967996.122,11568180181.82418,0
1776960000000,2332.65,2333.29,2296.10,2312.69,9201648.518,1776974399999,21326872871.46314,62067,3942659.224,9136239857.02492,0
1776974400000,2312.52,2335.90,2312.52,2330.75,8380938.349,1776988799999,19493335605.19281,56816,4034471.441,9380956434.18224,0
1776988800000,2330.92,2335.33,2302.57,2307.80,9454078.075,1777003199999,21968803133.04896,59971,4263958.644,9907368266.64953,0
1777003200000,2307.97,2314.90,2301.10,2312.15,6743473.534,1777017599999,15570508663.82982,58885,2993429.306,6912029698.89312,0
1777017600000,2313.99,2329.84,2304.96,2328.84,8287804.476,1777031999999,19186735357.00097,57081,4900546.667,11342968561.88485,0
1777032000000,2328.93,2330.72,2307.27,2322.44,9976495.659,1777046399999,23129704414.86028,57849,4940845.439,11446722183.22293,0
1777046400000,2322.44,2325.49,2309.51,2321.10,8974704.115,1777060799999,20791639134.58980,63853,5120508.094,11860857668.21418,0
1777060800000,2321.10,2327.20,2308.55,2314.81,6434895.818,1777075199999,14917751441.95525,58670,2931070.299,6796731214.66484,0
1777075200000,2314.63,2330.72,2311.80,2317.94,5581095.209,1777089599999,12930345790.20595,61187,3143940.603,7283519626.01841,0
1777089600000,2317.94,2318.88,2313.78,2317.78,2998695.168,1777103999999,6944201179.03616,44492,1439586.845,3333411953.65717,0
1777104000000,2317.78,2322.06,2311.57,2313.52,5774848.696,1777118399999,13388992635.99607,59033,2947025.861,6832729141.08264,0
1777118400000,2313.51,2318.04,2307.85,2307.92,4794445.524,1777132799999,11101258885.47360,51679,2500682.604,5789440500.01695,0
1777132800000,2307.95,2313.08,2303.62,2310.00,5727982.200,1777147199999,13226106734.93828,57353,2802406.252,6470908053.75523,0
1777147200000,2310.07,2319.92,2308.70,2318.93,3485276.680,1777161599999,8071011943.35017,50275,2183078.605,5055006388.62163,0
1777161600000,2318.50,2319.34,2308.32,2309.62,5926496.198,1777175999999,13721489982.64118,59539,2495384.923,5776779759.06530,0
1777176000000,2309.62,2331.65,2308.86,2328.78,7669993.951,1777190399999,17817777608.31100,60529,4422830.242,10270132455.03908,0
1777190400000,2328.78,2336.78,2328.58,2335.60,5662690.416,1777204799999,13209808626.82907,58863,3097556.615,7225824946.90721,0
1777204800000,2335.80,2349.79,2325.91,2347.48,6726145.964,1777219199999,15726806532.20035,65187,3744163.969,8747506084.82568,0
1777219200000,2347.47,2367.17,2341.76,2366.95,6923594.544,1777233599999,16306255618.40512,57648,4326213.731,10195153157.51364,0
1777233600000,2366.95,2376.36,2353.80,2368.77,9694975.201,1777247999999,22924531104.35707,56456,4885640.765,11551414932.97687,0
1777248000000,2368.77,2399.55,2360.29,2394.63,9102655.775,1777262399999,21711240356.47029,58651,5514323.918,13150536959.59325,0
1777262400000,2394.91,2397.38,2315.51,2315.62,9972516.506,1777276799999,23458203301.11205,77333,4127534.216,9712402328.82091,0
1777276800000,2315.55,2323.43,2308.95,2319.29,6372808.517,1777291199999,14770349642.26341,68702,3510187.051,8136546055.56676,0
1777291200000,2319.30,2326.43,2268.34,2273.89,8465918.675,1777305599999,19526246864.60881,84444,3226932.667,7448659323.64916,0
1777305600000,2272.64,2294.42,2270.33,2287.11,7483522.172,1777319999999,17083267507.30256,89803,4177589.081,9536817517.21848,0
1777320000000,2287.11,2306.36,2283.93,2302.60,5216396.879,1777334399999,11950475529.33221,80795,3266277.770,7484878371.23037,0
1777334400000,2302.77,2309.46,2282.18,2287.95,6379914.898,1777348799999,14647401947.36190,79125,2719759.860,6245705340.71300,0
1777348800000,2287.95,2293.81,2270.33,2286.63,7291119.883,1777363199999,16656918110.21622,88344,3580938.159,8182001940.76316,0
1777363200000,2285.84,2288.95,2270.30,2273.97,6554441.129,1777377599999,14950820252.88271,82116,2517122.924,5744891351.02682,0
1777377600000,2273.97,2280.20,2263.92,2278.56,9123203.938,1777391999999,20727254233.02309,77594,4382265.559,9958077580.48889,0
1777392000000,2278.59,2303.45,2273.93,2300.47,6928783.635,1777406399999,15847837323.44426,82083,3873151.953,8862280724.71952,0
1777406400000,2300.65,2303.72,2283.46,2288.58,3999611.378,1777420799999,9165224697.09543,70817,1248841.427,2861987917.22999,0
1777420800000,2288.58,2311.10,2278.79,2310.42,6734758.019,1777435199999,15429518768.62050,78701,4070649.285,9330196893.29653,0
1777435200000,2310.42,2337.71,2308.33,2323.22,6980002.277,1777449599999,16229907775.31765,87098,3466385.592,8056594392.92835,0
1777449600000,2323.42,2345.06,2320.39,2338.02,4891960.685,1777463999999,11401119347.48812,61044,3003601.911,7002715001.15683,0
1777464000000,2341.54,2344.28,2333.30,2333.70,65022.813,1777478399999,151965268.32701,4724,5987.738,14036523.72133,0
1777478400000,2333.70,2344.29,2221.81,2231.30,9030339.768,1777492799999,20340085214.05206,74159,4730937.278,10642255403.82344,0
1777492800000,2231.30,2258.59,2229.17,2251.41,8398288.739,1777507199999,18873342199.43416,98590,4772060.324,10724228934.34376,0
1777507200000,2251.41,2274.85,2236.72,2252.34,9202284.422,1777521599999,20781623352.98332,94167,5310013.918,11991739610.77716,0
1777521600000,2252.34,2260.18,2233.87,2257.79,8398806.662,1777535999999,18855928880.97667,90221,4620181.339,10375756684.67779,0
1777536000000,2257.79,2269.00,2253.80,2256.98,7654492.505,1777550399999,17294550011.13532,100437,3842475.273,8683545353.19206,0
1777550400000,2257.00,2273.39,2250.45,2265.20,9094039.050,1777564799999,20570271015.76845,90001,5185098.894,11732447807.75933,0
1777564800000,2265.20,2266.83,2250.47,2261.11,6911627.137,1777579199999,15610051852.48280,89586,3110981.436,7027565870.86112,0
1777579200000,2261.01,2265.08,2252.80,2256.41,3658499.673,1777593599999,8261204427.02814,72731,1538200.711,3474374228.89366,0
1777593600000,2256.56,2295.00,2256.32,2281.72,5928925.730,1777607999999,13451024312.89400,76630,3350077.238,7595684786.82219,0
1777608000000,2281.72,2285.31,2271.95,2278.51,5319105.379,1777622399999,12125815878.75434,79144,2635596.217,6008807367.11843,0
1777622400000,2278.45,2290.66,2273.15,2285.03,4827331.928,1777636799999,11020194112.28143,73340,2982369.049,6809897575.33881,0
1777636800000,2284.95,2397.37,2283.22,2306.95,9745301.687,1777651199999,22483877083.84897,86368,5800280.671,13384001314.07318,0
1777651200000,2309.01,2313.17,2298.54,2304.26,6830820.178,1777665599999,15745551825.67429,81241,3630009.930,8367883862.29005,0
1777665600000,2304.26,2304.62,2283.22,2294.59,5955159.740,1777679999999,13651100538.77223,79677,2748509.338,6298020314.23478,0
1777680000000,2294.11,2306.60,2291.83,2303.35,3953586.756,1777694399999,9091469214.08668,73299,2569941.413,5909760198.29331,0
1777694400000,2303.35,2304.84,2296.20,2300.88,2949460.980,1777708799999,6784123736.28546,68756,1325254.199,3048933717.08753,0
1777708800000,2300.88,2306.60,2298.60,2301.30,1942785.102,1777723199999,4473539589.55525,61115,1105118.371,2544967663.39524,0
1777723200000,2301.01,2309.42,2300.61,2307.96,2919093.309,1777737599999,6730728898.81832,71073,1791319.892,4130285079.36932,0
1777737600000,2307.96,2311.67,2303.97,2310.32,2576674.059,1777751999999,5947898405.36178,65540,1504866.303,3474485303.76205,0
1777752000000,2310.32,2332.39,2308.43,2315.97,4210308.850,1777766399999,9774445702.55717,71681,1922611.799,4462941997.94665,0
1777766400000,2315.16,2316.30,2298.63,2301.17,4676553.170,1777780799999,10785873048.93083,79435,1969868.115,4543835764.16572,0
1777780800000,2301.24,2312.08,2296.61,2308.38,3605802.691,1777795199999,8305011637.70777,71999,2264543.382,5216667037.37390,0
1777795200000,2307.84,2323.76,2306.93,2318.60,4503326.728,1777809599999,10420201847.00107,73770,2735316.613,6329912877.68370,0
1777809600000,2318.60,2331.49,2318.60,2327.34,5083327.475,1777823999999,11817491807.45799,79031,2837585.081,6598359747.88893,0
1777824000000,2327.47,2335.45,2321.46,2334.68,4889500.042,1777838399999,11389891220.93291,72875,2587907.876,6030699962.84898,0
1777838400000,2334.66,2346.77,2317.76,2321.69,8276488.711,1777852799999,19305991031.96115,77299,3752729.523,8759361204.83351,0
1777852800000,2321.69,2389.24,2308.49,2383.65,9550757.097,1777867199999,22397575847.83850,77707,5815363.447,13632284870.73984,0
1777867200000,2383.66,2394.57,2357.53,2362.88,7508763.323,1777881599999,17846132304.00319,86370,3340686.581,7937419856.19727,0
1777881600000,2362.88,2369.25,2314.27,2336.24,8535549.159,1777895999999,20041900086.88889,86156,3968686.848,9319918819.79035,0
1777896000000,2336.30,2376.41,2326.01,2349.23,9554489.609,1777910399999,22402410951.57890,85541,5222459.160,12244987951.37908,0
1777910400000,2349.13,2373.78,2338.35,2355.05,8335498.328,1777924799999,19670143413.17496,85377,3889338.370,9178713246.16763,0
1777924800000,2355.05,2363.50,2343.52,2345.94,5880481.473,1777939199999,13846319389.74253,79649,2806625.438,6610215345.29318,0
1777939200000,2345.94,2383.42,2344.13,2381.18,7372113.838,1777953599999,17433595416.01123,86312,4610899.497,10901580880.19603,0
1777953600000,2381.18,2387.87,2367.96,2379.49,7711900.564,1777967999999,18347677530.71541,91798,4022984.550,9573020156.80337,0
1777968000000,2379.05,2383.46,2366.45,2378.25,5668864.321,1777982399999,13460465920.19271,79647,2854473.141,6778989369.16439,0
1777982400000,2378.25,2397.30,2373.35,2380.21,8444685.113,1777996799999,20135825936.32088,85635,4645841.599,11080384552.09695,0
1777996800000,2380.28,2381.75,2359.85,2370.91,6632068.227,1778011199999,15711546242.77768,82477,3346545.598,7926134126.69234,0
1778011200000,2370.91,2385.52,2354.69,2359.78,8016483.642,1778025599999,19013036745.35037,84002,3704279.128,8788950265.28375,0
1778025600000,2359.78,2377.51,2355.47,2375.54,7562475.187,1778039999999,17894489262.13969,88091,3941113.390,9329085415.51576,0
1778040000000,2375.61,2377.86,2354.03,2369.83,5793371.213,1778054399999,13713023801.89890,74110,2881548.490,6820210103.27475,0
1778054400000,2370.34,2419.60,2369.47,2409.43,8131026.494,1778068799999,19519371950.41101,70024,5144540.066,12345088289.20824,0
1778068800000,2409.43,2412.95,2353.50,2358.19,8814747.819,1778083199999,20950149826.68521,75960,3683943.162,8764971011.39781,0
1778083200000,2358.19,2364.00,2338.98,2348.16,7453321.857,1778097599999,17521765609.67295,88260,3478119.927,8177059824.01277,0
1778097600000,2348.16,2355.71,2338.54,2349.85,6413004.823,1778111999999,15061204653.13491,83792,3303644.293,7760263194.83998,0
1778112000000,2349.97,2350.54,2313.45,2321.85,7515704.983,1778126399999,17493514611.59417,84073,2847219.482,6623124428.45558,0
1778126400000,2321.85,2345.29,2317.51,2343.84,6201044.100,1778140799999,14451942180.86511,78566,3891235.152,9071905832.41587,0
1778140800000,2343.75,2345.54,2316.78,2329.04,6905690.098,1778155199999,16094374457.49897,83593,2927283.274,6821587684.23273,0
1778155200000,2328.23,2334.91,2287.26,2292.74,8886361.604,1778169599999,20535797824.96082,84049,3688227.041,8522295980.89075,0
1778169600000,2292.44,2302.12,2283.99,2295.00,8575118.748,1778183999999,19660699019.38372,82998,4542136.719,10415297537.18293,0
1778184000000,2295.16,2299.74,2280.99,2290.24,5932033.376,1778198399999,13572815520.98673,76080,2853842.991,6530318852.43145,0
1778198400000,2290.24,2292.33,2269.16,2278.23,6207214.175,1778212799999,14153563305.97758,71000,2989145.256,6814519484.13794,0
1778212800000,2278.23,2283.56,2265.95,2279.74,5815895.150,1778227199999,13235091655.56109,73998,2645416.860,6023525120.01681,0
1778227200000,2279.74,2295.05,2278.67,2294.04,6099530.519,1778241599999,13945540637.70009,79825,3792948.433,8675094264.08410,0
1778241600000,2294.37,2295.53,2269.92,2291.14,9456220.225,1778255999999,21586243331.55404,88583,5017178.185,11451744882.16169,0
1778256000000,2291.35,2320.20,2286.42,2313.93,7756015.541,1778270399999,17885323603.72744,80005,4212776.747,9710585819.19551,0
1778270400000,2313.96,2317.28,2302.66,2306.27,5063538.131,1778284799999,11696317477.66555,72956,2350005.694,5430224117.07374,0
1778284800000,2306.23,2319.71,2303.53,2314.73,4498507.979,1778299199999,10404297253.00719,78216,2741404.855,6341329759.39139,0
1778299200000,2314.73,2323.07,2310.61,2313.91,3305400.914,1778313599999,7654548435.29603,63981,1593001.800,3690277525.04392,0
1778313600000,2313.91,2319.28,2309.47,2314.07,2780309.571,1778327999999,6432541098.74568,62265,1351957.581,3128246214.72917,0
1778328000000,2314.06,2316.97,2301.14,2315.66,4697755.897,1778342399999,10855069701.07764,76019,2533716.056,5854879458.39960,0
1778342400000,2315.02,2336.31,2314.01,2331.14,4506544.685,1778356799999,10479391556.56560,71330,2554716.344,5939788699.35499,0
1778356800000,2331.14,2332.30,2323.66,2325.71,2663637.389,1778371199999,6202101964.40926,65015,1184675.181,2759054131.38920,0
1778371200000,2325.70,2330.19,2317.39,2326.44,4101022.823,1778385599999,9531572958.89014,70006,1864519.129,4333909355.18173,0
1778385600000,2326.48,2330.30,2325.31,2326.50,2159261.341,1778399999999,5026293509.50299,59441,1061700.016,2471982787.17418,0
1778400000000,2326.32,2332.10,2318.10,2322.20,3165635.696,1778414399999,7360729597.81209,65253,1347284.964,3133573262.47181,0
1778414400000,2322.20,2347.57,2320.06,2346.64,4103629.814,1778428799999,9568149165.87524,68608,2638032.742,6153155881.26029,0
1778428800000,2347.18,2365.23,2339.36,2364.31,7484407.991,1778443199999,17618128387.74583,84660,3777634.233,8894483673.82432,0
1778443200000,2364.31,2380.27,2313.29,2369.78,9291814.058,1778457599999,21839838052.44293,72062,4660277.504,10956431871.03349,0
1778457600000,2368.37,2372.54,2318.92,2329.34,8566689.900,1778471999999,20132078698.80256,71315,3398943.775,7988902008.93047,0
1778472000000,2329.34,2340.15,2325.69,2329.17,6863690.600,1778486399999,16011285815.82913,82935,3555616.496,8296385516.79864,0
1778486400000,2329.11,2338.33,2325.96,2334.52,5300044.325,1778500799999,12358671874.62921,75139,3079852.394,7182740059.97213,0
1778500800000,2334.52,2337.01,2309.12,2332.05,7954532.859,1778515199999,18486210014.33444,75038,3982687.107,9254936049.56802,0
1778515200000,2332.05,2342.23,2323.40,2339.06,7599856.448,1778529599999,17746877436.68139,79603,3841504.852,8971724532.40265,0
1778529600000,2339.06,2344.53,2334.81,2338.83,4602210.885,1778543999999,10764137262.31817,69102,2496733.479,5841275714.55411,0
1778544000000,2338.83,2339.06,2297.91,2307.90,6939739.453,1778558399999,16082883947.15231,72424,2814035.590,6518732287.51356,0
1778558400000,2307.83,2312.94,2293.64,2294.34,5314538.908,1778572799999,12248148464.46551,75543,1973782.659,4553746941.56304,0
1778572800000,2294.34,2294.73,2278.27,2284.13,6804303.034,1778587199999,15555418247.60199,77341,3466002.875,7923655700.37514,0
1778587200000,2284.13,2292.15,2256.45,2261.62,8953847.472,1778601599999,20375735917.93335,76769,4097659.376,9324457142.71431,0
1778601600000,2261.62,2285.90,2257.95,2283.65,7181145.045,1778615999999,16321167935.68140,79921,4352240.134,9894868489.23766,0
1778616000000,2283.65,2289.61,2273.31,2274.02,3715646.199,1778630399999,8481920753.47980,67564,1701134.265,3887256349.41881,0
1778630400000,2274.48,2306.86,2272.81,2300.90,7562732.476,1778644799999,17312181264.71211,85682,5057112.013,11576209518.05517,0
1778644800000,2300.90,2306.60,2295.42,2299.99,4579919.907,1778659199999,10537615617.83668,71499,2171516.260,4997071436.93466,0
1778659200000,2299.99,2322.02,2297.84,2300.45,6185107.391,1778673599999,14276800430.69018,75476,3169021.903,7313944028.81480,0
1778673600000,2300.45,2306.03,2242.59,2242.59,9709974.423,1778687999999,22047503434.96415,81374,3639474.578,8265596379.27735,0
1778688000000,2242.61,2265.93,2240.02,2255.39,6819921.506,1778702399999,15366258767.00291,74863,3967160.239,8936989488.17605,0
1778702400000,2255.60,2262.77,2249.88,2257.06,5463131.288,1778716799999,12325587875.65230,77048,2973658.598,6710308180.12198,0
1778716800000,2257.06,2267.15,2240.02,2240.42,7012957.529,1778731199999,15822678089.88226,79319,3199789.942,7226170345.23847,0
1778731200000,2240.54,2271.58,2237.89,2264.06,5774927.194,1778745599999,13051964449.17378,70614,3947260.419,8916500249.36297,0
1778745600000,2264.06,2269.41,2252.66,2252.66,5988062.341,1778759999999,13534951835.17732,70070,2516496.236,5691661856.49179,0
1778760000000,2252.66,2297.98,2246.00,2297.40,9543949.981,1778774399999,21624022733.89945,78534,5864277.671,13299750813.19015,0
1778774400000,2297.40,2317.03,2295.63,2297.48,8817405.774,1778788799999,20329185750.57862,82742,4311972.156,9942785922.23434,0
1778788800000,2297.48,2300.10,2280.00,2282.48,6489278.798,1778803199999,14883575822.80766,78854,3024720.206,6940931923.48505,0
1778803200000,2282.48,2298.37,2260.00,2272.40,8940902.954,1778817599999,20381065808.19510,81864,4430072.106,10106256505.32637,0
1778817600000,2272.40,2272.40,2241.42,2264.02,8518488.238,1778831999999,19245754967.29963,82077,3455675.092,7804203917.57873,0
1778832000000,2264.02,2264.03,2250.68,2256.33,10031693.671,1778846399999,22632462048.82067,62038,4909572.945,11077167126.86704,0
1778846400000,2256.30,2257.81,2204.90,2220.72,9938346.303,1778860799999,22165460132.20070,54532,5062687.862,11286037387.53848,0
1778860800000,2220.40,2230.82,2219.64,2222.00,9681595.573,1778875199999,21539852261.04032,62501,4988316.324,11098382437.24115,0
1778875200000,2222.38,2223.85,2215.96,2222.95,9137420.561,1778889599999,20291236752.37103,63191,4814576.439,10692583202.89882,0
1778889600000,2222.95,2229.08,2221.99,2226.78,8948736.789,1778903999999,19923118406.91819,62763,4618333.677,10281579184.08917,0
1778904000000,2226.64,2226.89,2185.95,2192.84,9114772.621,1778918399999,20196646769.34533,62200,3628648.244,8034677252.59766,0
1778918400000,2193.14,2194.72,2165.24,2174.81,9897589.445,1778932799999,21566918941.81410,65921,4863098.790,10594084402.56482,0
1778932800000,2174.81,2183.09,2172.68,2178.27,9860912.239,1778947199999,21460674426.46807,69618,5013973.020,10913616064.46494,0
1778947200000,2178.27,2181.29,2172.51,2178.11,8893735.450,1778961599999,19363962329.02188,65918,4427149.865,9638963044.44051,0
1778961600000,2178.11,2181.35,2178.11,2179.11,8952470.240,1778975999999,19517959245.77380,69325,4130687.613,9006247171.90207,0
1778976000000,2179.11,2183.67,2169.86,2180.23,9675648.977,1778990399999,21059460542.27418,65658,4978371.669,10836712100.65328,0
1778990400000,2180.25,2190.97,2179.75,2184.90,9321007.665,1779004799999,20365278694.21027,66035,5118981.138,11184747916.07903,0
1779004800000,2185.00,2193.99,2182.48,2190.59,9232689.558,1779019199999,20204777678.62510,65689,5208444.852,11397226053.68797,0
1779019200000,2190.59,2195.32,2181.57,2184.83,9757151.865,1779033599999,21355572421.26801,63160,4241406.955,9285429711.74718,0
1779033600000,2184.85,2190.88,2176.34,2190.76,8930486.409,1779047999999,19499615600.72913,60701,4902320.992,10707803213.86127,0
1779048000000,2190.88,2191.41,2117.83,2128.56,10509349.469,1779062399999,22878770769.04396,58424,3589585.081,7813569758.73935,0
1779062400000,2127.35,2128.56,2107.90,2116.82,10235081.794,1779076799999,21646620429.87926,59005,5191272.551,10976479429.04651,0
1779076800000,2116.98,2122.61,2112.18,2118.26,9959289.986,1779091199999,21092504607.92235,60827,4702997.498,9961375157.77816,0
1779091200000,2118.12,2133.10,2111.29,2132.18,11000891.075,1779105599999,23287454265.54495,68161,6089817.211,12892253012.22135,0
1779105600000,2132.19,2153.04,2095.12,2106.37,10504802.400,1779119999999,22313481761.64784,56426,5182868.533,11003318329.44299,0
1779120000000,2106.37,2123.21,2082.40,2122.27,10593618.712,1779134399999,22249349277.20042,57725,5673764.498,11921016170.03694,0
1779134400000,2122.29,2139.33,2114.38,2128.06,9103169.724,1779148799999,19375719244.68813,57812,4993873.915,10624668248.80135,0
1779148800000,2128.06,2138.14,2119.44,2129.22,10255611.376,1779163199999,21831805679.73546,59241,5991274.505,12754057403.87628,0
1779163200000,2129.22,2141.58,2125.95,2139.01,9715022.788,1779177599999,20719511670.86246,66610,5456365.685,11637380511.24633,0
1779177600000,2139.02,2139.35,2107.35,2108.64,10502641.209,1779191999999,22269024711.84943,61276,4099628.615,8682527817.51399,0
1779192000000,2109.05,2123.39,2098.53,2107.81,10124101.632,1779206399999,21362679379.57236,60131,4634394.775,9782063811.45384,0
1779206400000,2107.81,2121.43,2105.45,2110.34,9818088.015,1779220799999,20756273626.75149,59819,5102452.595,10786577480.10592,0
1779220800000,2110.34,2117.70,2104.01,2111.35,9360319.458,1779235199999,19771044970.41171,59652,4309538.184,9102471779.83604,0
1779235200000,2111.35,2113.61,2102.58,2109.13,9920028.810,1779249599999,20917207855.74346,57539,4556705.980,9607418025.36982,0
1779249600000,2109.13,2131.48,2107.94,2127.34,10176915.463,1779263999999,21582375244.22837,59294,5435573.876,11520369885.25318,0
1779264000000,2127.34,2134.55,2124.90,2126.12,9774102.655,1779278399999,20807973058.76412,63606,5171715.472,11011506336.32207,0
1779278400000,2126.12,2139.82,2113.18,2134.29,10478403.199,1779292799999,22307347280.82954,59671,5094817.162,10848154508.58158,0
1779292800000,2134.29,2144.07,2122.91,2137.10,9617008.783,1779307199999,20526066855.89696,64258,4569218.264,9752552717.58492,0
1779307200000,2137.03,2138.32,2116.63,2127.29,10079406.735,1779321599999,21454431292.81137,65816,4838528.481,10294855707.66161,0
1779321600000,2127.16,2153.08,2126.90,2143.21,9681672.795,1779335999999,20712464635.67480,65243,5879458.619,12579877171.97084,0
1779336000000,2143.21,2145.71,2123.78,2133.23,9786058.095,1779350399999,20902193155.54945,61703,4012426.295,8571066857.73378,0
1779350400000,2133.17,2141.00,2110.20,2114.10,9813127.582,1779364799999,20857604458.89876,61332,4159009.146,8843109951.93543,0
1779364800000,2114.81,2133.32,2109.29,2130.05,10199363.448,1779379199999,21601565944.05751,64421,5527528.697,11712235013.44678,0
1779379200000,2130.39,2147.23,2121.42,2140.64,9136417.843,1779393599999,19502472376.91250,68184,5287690.665,11287587440.94580,0
1779393600000,2140.86,2141.58,2125.47,2131.43,4426826.013,1779407999999,9447465705.24202,69771,1844619.950,3936822332.69280,0
1779408000000,2131.43,2138.79,2124.02,2135.61,6035816.465,1779422399999,12861850386.07959,77445,3201742.838,6824116421.69676,0
1779422400000,2136.42,2138.89,2121.18,2126.32,4928857.775,1779436799999,10493023039.86493,68451,1983575.584,4223017690.30449,0
1779436800000,2126.32,2130.12,2116.80,2127.99,5545949.688,1779451199999,11770542775.48929,71808,2935829.740,6232749079.01949,0
1779451200000,2127.97,2135.09,2112.21,2116.97,8354684.489,1779465599999,17730207332.35111,82698,3249633.097,6899261557.74484,0
1779465600000,2117.00,2125.19,2057.49,2062.74,9975789.937,1779479999999,20994257841.19485,79874,4141178.043,8719012087.32056,0
1779480000000,2066.59,2076.28,2058.88,2063.23,7472219.308,1779494399999,15467717665.86863,79379,3598693.547,7450737229.43970,0
1779494400000,2063.23,2069.49,2057.44,2068.09,5965668.175,1779508799999,12311911214.02845,72511,3295108.061,6802094171.42579,0
1779508800000,2068.09,2068.37,2018.31,2029.28,5129293.846,1779523199999,10540634974.10816,69705,1952192.889,4013978130.76881,0
1779523200000,2028.79,2050.00,2020.55,2028.88,4859052.847,1779537599999,9846344056.92292,65673,3078515.405,6239921964.55834,0
1779537600000,2028.76,2065.46,2024.91,2057.66,7786155.383,1779551999999,15923515908.96696,78840,4709787.200,9625756508.29595,0
1779552000000,2057.66,2079.25,2054.91,2074.79,7500535.249,1779566399999,15501589175.31223,85030,4002566.687,8271296434.56141,0
1779566400000,2074.67,2142.75,2072.92,2114.99,8372829.389,1779580799999,17657867202.23560,64210,4897297.585,10322813915.43067,0
